priority_rank,claim_id,payer_name,payer_type,service_line,submitted_date,ar_age_days,ar_bucket,ar_bucket_sort,billed_amount,contractual_factor,net_collection_rate,denial_propensity,expected_yield_rate,expected_allowed,expected_nrv,priority_score
1,CLM-026343,Medicare,Medicare,Orthopedics,2025-02-03,513,120+,5,16040.1,0.474,0.91,0.0748,0.3991,7603.04,6401.24,109461.27
2,CLM-019165,UnitedHealthcare,Commercial,Oncology,2024-10-25,614,120+,5,11881.49,0.5511,0.8913,0.1473,0.4189,6548.36,4976.85,101859.62
3,CLM-015459,Aetna,Commercial,Oncology,2025-02-15,501,120+,5,10485.71,0.6145,0.8929,0.1063,0.4904,6443.76,5142.17,85874.28
4,CLM-027333,Aetna,Commercial,Cardiology,2026-01-24,158,120+,5,17210.31,0.6486,0.8922,0.1064,0.5171,11162.48,8899.18,46869.0
5,CLM-017216,Medicare,Medicare,Oncology,2024-07-23,708,120+,5,4810.53,0.4637,0.9074,0.0783,0.3878,2230.46,1865.6,44028.25
6,CLM-000742,Humana Medicare Advantage,Medicare Advantage,Oncology,2024-08-04,696,120+,5,4653.91,0.5111,0.9071,0.1642,0.3875,2378.54,1803.34,41837.53
7,CLM-026616,Molina Healthcare,Medicaid Managed Care,Surgery,2024-08-20,680,120+,5,5494.53,0.435,0.9607,0.2035,0.3329,2390.05,1828.98,41456.95
8,CLM-005605,TRICARE,Military,Orthopedics,2026-02-09,142,120+,5,17007.47,0.5591,0.9683,0.1009,0.4868,9509.46,8278.79,39186.25
9,CLM-011960,UnitedHealthcare,Commercial,Surgery,2024-10-01,638,120+,5,3756.91,0.5926,0.8867,0.1342,0.455,2226.46,1709.3,36351.05
10,CLM-020286,Medicare,Medicare,Orthopedics,2025-05-10,417,120+,5,6387.82,0.474,0.91,0.0748,0.3991,3027.84,2549.24,35434.37
11,CLM-004005,Aetna,Commercial,Orthopedics,2026-04-04,88,61-90,3,24577.75,0.626,0.8939,0.1374,0.4827,15385.19,11863.28,34798.94
12,CLM-028822,Medicare,Medicare,Oncology,2025-05-29,398,120+,5,6725.54,0.4637,0.9074,0.0783,0.3878,3118.38,2608.28,34603.13
13,CLM-014379,Humana Medicare Advantage,Medicare Advantage,Surgery,2026-03-26,97,91-120,4,27000.52,0.5031,0.9081,0.1465,0.3899,13583.31,10527.89,34040.16
14,CLM-001619,UnitedHealthcare,Commercial,Orthopedics,2025-11-19,224,120+,5,9434.67,0.6148,0.8886,0.1354,0.4724,5800.84,4456.49,33275.09
15,CLM-014827,Aetna,Commercial,Oncology,2026-01-06,176,120+,5,11528.95,0.6145,0.8929,0.1063,0.4904,7084.85,5653.78,33168.82
16,CLM-001058,Blue Cross Blue Shield,Commercial,Cardiology,2026-02-12,139,120+,5,13519.3,0.668,0.8959,0.1323,0.5193,9030.86,7020.68,32529.13
17,CLM-014450,State Workers' Compensation,Workers' Comp,Cardiology,2025-06-29,367,120+,5,3916.78,0.8156,0.9736,0.1541,0.6717,3194.6,2630.9,32184.71
18,CLM-020507,Medicaid,Medicaid,Orthopedics,2025-12-14,199,120+,5,13679.06,0.427,0.9623,0.1511,0.3488,5840.28,4771.09,31648.21
19,CLM-007680,Humana Medicare Advantage,Medicare Advantage,Surgery,2025-07-27,339,120+,5,6869.7,0.5031,0.9081,0.1465,0.3899,3455.98,2678.59,30268.1
20,CLM-017457,Medicaid,Medicaid,Oncology,2025-10-09,265,120+,5,9671.68,0.4189,0.9628,0.1232,0.3536,4051.54,3420.19,30211.7
21,CLM-029227,State Workers' Compensation,Workers' Comp,Surgery,2026-03-09,114,91-120,4,11674.36,0.7905,0.972,0.1238,0.6732,9228.64,7859.59,29866.45
22,CLM-020131,Medicaid,Medicaid,Orthopedics,2026-03-01,122,120+,5,20806.36,0.427,0.9623,0.1511,0.3488,8883.28,7257.0,29511.81
23,CLM-013628,Medicare,Medicare,Oncology,2025-03-05,483,120+,5,4587.97,0.4637,0.9074,0.0783,0.3878,2127.27,1779.29,28646.59
24,CLM-019779,Blue Cross Blue Shield,Commercial,Cardiology,2026-02-04,147,120+,5,11222.34,0.668,0.8959,0.1323,0.5193,7496.49,5827.85,28556.45
25,CLM-012632,Cigna,Commercial,Orthopedics,2026-02-23,128,120+,5,14303.9,0.6083,0.8909,0.1567,0.457,8701.53,6537.16,27891.89
26,CLM-023635,UnitedHealthcare,Commercial,Orthopedics,2025-03-01,487,120+,5,3629.87,0.6148,0.8886,0.1354,0.4724,2231.8,1714.58,27833.29
27,CLM-004746,Medicaid,Medicaid,Cardiology,2025-12-16,197,120+,5,11166.0,0.4424,0.9619,0.1187,0.375,4939.32,4187.46,27497.68
28,CLM-013264,Blue Cross Blue Shield,Commercial,Cardiology,2025-03-28,460,120+,5,3379.14,0.668,0.8959,0.1323,0.5193,2257.26,1754.81,26907.14
29,CLM-014143,Medicare,Medicare,Orthopedics,2026-03-08,115,91-120,4,17523.29,0.474,0.91,0.0748,0.3991,8306.08,6993.15,26807.08
30,CLM-002856,Blue Cross Blue Shield,Commercial,Surgery,2026-02-20,131,120+,5,14818.36,0.546,0.8931,0.1518,0.4137,8091.48,6129.72,26766.45
31,CLM-011907,UnitedHealthcare,Commercial,Oncology,2026-01-29,153,120+,5,12455.49,0.5511,0.8913,0.1473,0.4189,6864.72,5217.29,26608.17
32,CLM-001388,Medicare,Medicare,Cardiology,2026-03-09,114,91-120,4,15811.95,0.4928,0.9102,0.0733,0.4157,7792.12,6572.66,24976.1
33,CLM-025249,Humana Medicare Advantage,Medicare Advantage,Surgery,2025-02-09,507,120+,5,3712.2,0.5031,0.9081,0.1465,0.3899,1867.52,1447.44,24461.73
34,CLM-024467,Medicaid,Medicaid,Surgery,2024-11-01,607,120+,5,3383.55,0.4102,0.963,0.1141,0.3499,1387.9,1184.06,23957.47
35,CLM-022750,Cigna,Commercial,Orthopedics,2025-11-16,227,120+,5,6664.41,0.6083,0.8909,0.1567,0.457,4054.18,3045.77,23046.29
36,CLM-027845,Blue Cross Blue Shield,Commercial,Surgery,2025-01-07,540,120+,5,2970.87,0.546,0.8931,0.1518,0.4137,1622.23,1228.92,22120.59
37,CLM-013503,Blue Cross Blue Shield,Commercial,Surgery,2026-03-24,99,91-120,4,16089.24,0.546,0.8931,0.1518,0.4137,8785.43,6655.43,21962.92
38,CLM-025096,UnitedHealthcare,Commercial,Surgery,2026-03-10,113,91-120,4,12708.81,0.5926,0.8867,0.1342,0.455,7531.64,5782.18,21779.55
39,CLM-006170,Humana Medicare Advantage,Medicare Advantage,Orthopedics,2026-05-05,57,31-60,2,28316.84,0.5212,0.9087,0.1667,0.3947,14758.14,11176.21,21234.8
40,CLM-023046,State Workers' Compensation,Workers' Comp,Orthopedics,2026-04-27,65,61-90,3,14613.56,0.7963,0.9713,0.1707,0.6414,11636.52,9373.33,20308.89
41,CLM-013345,UnitedHealthcare,Commercial,Oncology,2026-01-09,173,120+,5,8084.78,0.5511,0.8913,0.1473,0.4189,4455.85,3386.51,19528.87
42,CLM-027246,Cigna,Commercial,Orthopedics,2026-04-12,80,61-90,3,15622.48,0.6083,0.8909,0.1567,0.457,9503.66,7139.78,19039.41
43,CLM-016567,TRICARE,Military,Cardiology,2026-05-07,55,31-60,2,19515.27,0.5757,0.9648,0.0537,0.5256,11234.15,10257.06,18804.6
44,CLM-019265,TRICARE,Military,Surgery,2026-02-22,129,120+,5,9286.35,0.5463,0.9624,0.108,0.469,5073.02,4354.96,18726.33
45,CLM-024288,Humana Medicare Advantage,Medicare Advantage,Cardiology,2026-02-11,140,120+,5,9715.71,0.5408,0.908,0.1628,0.4112,5254.51,3994.64,18641.67
46,CLM-019185,Blue Cross Blue Shield,Commercial,Cardiology,2026-04-01,91,91-120,4,11412.54,0.668,0.8959,0.1323,0.5193,7623.55,5926.62,17977.41
47,CLM-028128,Humana Medicare Advantage,Medicare Advantage,Orthopedics,2026-02-02,149,120+,5,9016.14,0.5212,0.9087,0.1667,0.3947,4699.02,3558.53,17674.03
48,CLM-027576,Medicare,Medicare,Surgery,2026-03-21,102,91-120,4,13313.16,0.4551,0.9122,0.0734,0.3847,6059.04,5121.64,17413.57
49,CLM-016945,Medicaid,Medicaid,Oncology,2026-02-11,140,120+,5,10214.27,0.4189,0.9628,0.1232,0.3536,4278.84,3612.07,16856.32
50,CLM-009030,Molina Healthcare,Medicaid Managed Care,Surgery,2026-01-06,176,120+,5,8380.95,0.435,0.9607,0.2035,0.3329,3645.61,2789.8,16366.8
51,CLM-022128,Cigna,Commercial,Orthopedics,2026-04-13,79,61-90,3,13591.04,0.6083,0.8909,0.1567,0.457,8267.87,6211.37,16356.61
52,CLM-012539,Self-Pay,Self-Pay,Surgery,2024-07-09,722,120+,5,3750.25,0.9131,0.2059,0.0449,0.1796,3424.49,673.51,16209.08
53,CLM-016281,Self-Pay,Self-Pay,Orthopedics,2025-02-28,488,120+,5,5676.78,0.9426,0.1928,0.0415,0.1742,5350.66,989.03,16088.23
54,CLM-011753,UnitedHealthcare,Commercial,Surgery,2026-02-10,141,120+,5,7348.75,0.5926,0.8867,0.1342,0.455,4355.1,3343.49,15714.41
55,CLM-007339,Medicaid,Medicaid,Surgery,2026-01-24,158,120+,5,8522.0,0.4102,0.963,0.1141,0.3499,3495.65,2982.24,15706.46
56,CLM-025731,Cigna,Commercial,Surgery,2026-04-07,85,61-90,3,12580.21,0.5886,0.8884,0.1583,0.4401,7404.35,5536.72,15687.38
57,CLM-015862,Cigna,Commercial,Cardiology,2026-01-07,175,120+,5,5644.08,0.6311,0.8941,0.162,0.4729,3561.81,2668.91,15568.66
58,CLM-019642,Humana Medicare Advantage,Medicare Advantage,Emergency Department,2025-05-12,415,120+,5,2581.09,0.5773,0.906,0.1694,0.4344,1490.01,1121.26,15510.8
59,CLM-019751,Medicaid,Medicaid,Orthopedics,2026-02-06,145,120+,5,9062.88,0.427,0.9623,0.1511,0.3488,3869.4,3161.02,15278.27
60,CLM-013314,UnitedHealthcare,Commercial,Emergency Department,2025-03-30,458,120+,5,1844.8,0.6821,0.8882,0.1411,0.5203,1258.32,959.9,14654.5
61,CLM-007473,Molina Healthcare,Medicaid Managed Care,Orthopedics,2026-04-09,83,61-90,3,16493.69,0.4483,0.9572,0.2571,0.3188,7394.63,5258.03,14547.22
62,CLM-022572,UnitedHealthcare,Commercial,OB/GYN,2025-08-26,309,120+,5,2745.12,0.652,0.8905,0.1422,0.4981,1789.88,1367.26,14082.79
63,CLM-002557,Aetna,Commercial,Cardiology,2026-04-24,68,61-90,3,11924.43,0.6486,0.8922,0.1064,0.5171,7734.1,6165.93,13976.12
64,CLM-010061,Cigna,Commercial,Oncology,2026-01-12,170,120+,5,5358.76,0.5991,0.8897,0.142,0.4573,3210.65,2450.71,13887.36
65,CLM-021644,UnitedHealthcare,Commercial,Oncology,2026-04-04,88,61-90,3,11289.0,0.5511,0.8913,0.1473,0.4189,6221.82,4728.68,13870.78
66,CLM-019807,UnitedHealthcare,Commercial,Oncology,2024-08-14,686,120+,5,1429.07,0.5511,0.8913,0.1473,0.4189,787.62,598.6,13688.01
67,CLM-014117,Humana Medicare Advantage,Medicare Advantage,Orthopedics,2026-04-26,66,61-90,3,15760.24,0.5212,0.9087,0.1667,0.3947,8213.91,6220.32,13684.7
68,CLM-001191,Humana Medicare Advantage,Medicare Advantage,Orthopedics,2025-11-29,214,120+,5,4825.69,0.5212,0.9087,0.1667,0.3947,2515.05,1904.62,13586.32
69,CLM-006941,UnitedHealthcare,Commercial,Cardiology,2026-02-09,142,120+,5,6211.43,0.6402,0.8926,0.1924,0.4615,3976.29,2866.56,13568.38
70,CLM-021571,Medicare,Medicare,Oncology,2026-03-08,115,91-120,4,9032.03,0.4637,0.9074,0.0783,0.3878,4187.82,3502.77,13427.29
71,CLM-011474,Cigna,Commercial,Cardiology,2026-05-03,59,31-60,2,14357.18,0.6311,0.8941,0.162,0.4729,9060.39,6789.07,13351.85
72,CLM-021072,Aetna,Commercial,Cardiology,2026-05-06,56,31-60,2,13778.22,0.6486,0.8922,0.1064,0.5171,8936.45,7124.5,13299.06
73,CLM-007025,State Workers' Compensation,Workers' Comp,Cardiology,2026-05-01,61,61-90,3,9577.45,0.8156,0.9736,0.1541,0.6717,7811.54,6433.18,13080.8
74,CLM-012998,Blue Cross Blue Shield,Commercial,OB/GYN,2026-01-18,164,120+,5,4555.48,0.6819,0.8872,0.1398,0.5204,3106.38,2370.65,12959.56
75,CLM-010879,Blue Cross Blue Shield,Commercial,Orthopedics,2026-05-21,41,31-60,2,18367.56,0.6432,0.8953,0.1078,0.5138,11813.35,9436.61,12896.7
76,CLM-020172,Medicare,Medicare,Orthopedics,2026-04-25,67,61-90,3,14156.48,0.474,0.91,0.0748,0.3991,6710.2,5649.53,12617.29
77,CLM-020539,Molina Healthcare,Medicaid Managed Care,Imaging,2024-08-28,672,120+,5,1375.87,0.5146,0.958,0.1713,0.4085,708.02,562.1,12591.07
78,CLM-020458,Medicaid,Medicaid,OB/GYN,2024-10-25,614,120+,5,1615.64,0.4528,0.9615,0.1322,0.3778,731.59,610.39,12492.68
79,CLM-029963,UnitedHealthcare,Commercial,Oncology,2026-04-02,90,61-90,3,9915.64,0.5511,0.8913,0.1473,0.4189,5464.91,4153.41,12460.23
80,CLM-001836,Self-Pay,Self-Pay,OB/GYN,2025-02-07,509,120+,5,4214.57,0.9857,0.1944,0.0939,0.1736,4154.5,731.64,12413.56
81,CLM-001354,Medicare,Medicare,Orthopedics,2026-02-25,126,120+,5,7192.77,0.474,0.91,0.0748,0.3991,3409.39,2870.47,12055.99
82,CLM-011352,Humana Medicare Advantage,Medicare Advantage,Cardiology,2026-04-14,78,61-90,3,11197.84,0.5408,0.908,0.1628,0.4112,6056.09,4604.02,11970.46
83,CLM-002506,Medicaid,Medicaid,Oncology,2026-02-09,142,120+,5,7087.08,0.4189,0.9628,0.1232,0.3536,2968.83,2506.2,11862.69
84,CLM-010796,UnitedHealthcare,Commercial,Orthopedics,2026-05-24,38,31-60,2,19781.49,0.6148,0.8886,0.1354,0.4724,12162.51,9343.83,11835.52
85,CLM-012955,Medicaid,Medicaid,Orthopedics,2026-04-21,71,61-90,3,14257.84,0.427,0.9623,0.1511,0.3488,6087.39,4972.96,11769.34
86,CLM-018856,UnitedHealthcare,Commercial,Imaging,2026-01-29,153,120+,5,4360.77,0.713,0.8876,0.1687,0.5261,3109.1,2294.15,11700.18
87,CLM-018735,Medicare,Medicare,Cardiology,2026-04-19,73,61-90,3,11209.87,0.4928,0.9102,0.0733,0.4157,5524.22,4659.68,11338.56
88,CLM-014070,Molina Healthcare,Medicaid Managed Care,Orthopedics,2026-04-18,74,61-90,3,14359.17,0.4483,0.9572,0.2571,0.3188,6437.66,4577.57,11291.33
89,CLM-011073,Humana Medicare Advantage,Medicare Advantage,OB/GYN,2025-09-12,292,120+,5,2723.0,0.5515,0.9074,0.1513,0.4247,1501.83,1156.5,11256.56
90,CLM-027508,Blue Cross Blue Shield,Commercial,Oncology,2026-03-18,105,91-120,4,6682.56,0.633,0.8934,0.1553,0.4776,4229.96,3191.9,11171.65
91,CLM-020953,Medicaid,Medicaid,Emergency Department,2026-03-18,105,91-120,4,7853.35,0.4726,0.9636,0.1567,0.384,3711.53,3016.07,10556.24
92,CLM-017568,Blue Cross Blue Shield,Commercial,Oncology,2026-04-20,72,61-90,3,9095.97,0.633,0.8934,0.1553,0.4776,5757.61,4344.65,10427.17
93,CLM-017692,Humana Medicare Advantage,Medicare Advantage,Cardiology,2026-03-27,96,91-120,4,7817.28,0.5408,0.908,0.1628,0.4112,4227.79,3214.1,10285.11
94,CLM-022586,TRICARE,Military,Orthopedics,2026-05-22,40,31-60,2,15836.83,0.5591,0.9683,0.1009,0.4868,8854.92,7708.95,10278.6
95,CLM-023197,UnitedHealthcare,Commercial,Imaging,2025-01-28,519,120+,5,1129.33,0.713,0.8876,0.1687,0.5261,805.18,594.13,10278.42
96,CLM-009325,Blue Cross Blue Shield,Commercial,Emergency Department,2025-11-27,216,120+,5,2528.0,0.7136,0.8926,0.1226,0.5589,1803.95,1412.79,10172.08
97,CLM-025488,Medicare,Medicare,Cardiology,2026-04-09,83,61-90,3,8824.94,0.4928,0.9102,0.0733,0.4157,4348.92,3668.32,10149.02
98,CLM-025013,Cigna,Commercial,Surgery,2026-04-21,71,61-90,3,9733.54,0.5886,0.8884,0.1583,0.4401,5728.88,4283.86,10138.48
99,CLM-003031,Medicaid,Medicaid,Orthopedics,2026-04-14,78,61-90,3,10935.5,0.427,0.9623,0.1511,0.3488,4668.91,3814.17,9916.84
100,CLM-015183,Cigna,Commercial,Emergency Department,2026-02-11,140,120+,5,4071.83,0.6704,0.8882,0.1375,0.5136,2729.69,2091.12,9758.57
101,CLM-022600,Medicare,Medicare,OB/GYN,2025-09-06,298,120+,5,2224.07,0.5041,0.9072,0.0511,0.4339,1121.16,965.11,9586.8
102,CLM-023000,UnitedHealthcare,Commercial,Surgery,2026-04-10,82,61-90,3,7662.78,0.5926,0.8867,0.1342,0.455,4541.2,3486.37,9529.4
103,CLM-008665,Self-Pay,Self-Pay,Surgery,2026-02-17,134,120+,5,11862.24,0.9131,0.2059,0.0449,0.1796,10831.85,2130.34,9515.52
104,CLM-007090,Humana Medicare Advantage,Medicare Advantage,Imaging,2025-07-12,354,120+,5,1752.57,0.6027,0.9091,0.1795,0.4496,1056.35,787.95,9297.76
105,CLM-005352,Medicare,Medicare,Surgery,2026-03-26,97,91-120,4,7432.54,0.4551,0.9122,0.0734,0.3847,3382.67,2859.33,9245.18
106,CLM-001220,UnitedHealthcare,Commercial,Orthopedics,2026-01-02,180,120+,5,3239.18,0.6148,0.8886,0.1354,0.4724,1991.59,1530.03,9180.2
107,CLM-016543,Blue Cross Blue Shield,Commercial,Surgery,2026-02-27,124,120+,5,5362.18,0.546,0.8931,0.1518,0.4137,2927.99,2218.1,9168.17
108,CLM-003557,Blue Cross Blue Shield,Commercial,Cardiology,2026-02-24,127,120+,5,4144.8,0.668,0.8959,0.1323,0.5193,2768.72,2152.43,9111.94
109,CLM-019060,Medicare,Medicare,OB/GYN,2026-05-05,57,31-60,2,11005.8,0.5041,0.9072,0.0511,0.4339,5548.06,4775.86,9074.14
110,CLM-005028,Medicare,Medicare,Surgery,2026-03-26,97,91-120,4,7214.03,0.4551,0.9122,0.0734,0.3847,3283.23,2775.27,8973.38
111,CLM-023894,Medicare,Medicare,Surgery,2026-03-29,94,91-120,4,7379.92,0.4551,0.9122,0.0734,0.3847,3358.73,2839.09,8895.82
112,CLM-024547,Medicare,Medicare,Oncology,2026-02-26,125,120+,5,5464.06,0.4637,0.9074,0.0783,0.3878,2533.48,2119.05,8829.39
113,CLM-013309,Humana Medicare Advantage,Medicare Advantage,Orthopedics,2026-04-25,67,61-90,3,9954.18,0.5212,0.9087,0.1667,0.3947,5187.91,3928.76,8774.23
114,CLM-017349,Medicaid,Medicaid,Imaging,2024-12-02,576,120+,5,1121.61,0.4932,0.9622,0.1437,0.4063,553.15,455.74,8750.14
115,CLM-019031,Medicaid,Medicaid,Orthopedics,2026-05-23,39,31-60,2,19119.78,0.427,0.9623,0.1511,0.3488,8163.19,6668.74,8669.37
116,CLM-024308,Blue Cross Blue Shield,Commercial,Cardiology,2026-04-24,68,61-90,3,7330.23,0.668,0.8959,0.1323,0.5193,4896.57,3806.64,8628.39
117,CLM-009275,Self-Pay,Self-Pay,Emergency Department,2025-03-09,479,120+,5,2686.31,0.9887,0.2027,0.0379,0.1929,2656.06,518.1,8272.31
118,CLM-005637,Blue Cross Blue Shield,Commercial,Cardiology,2026-03-04,119,91-120,4,4003.96,0.668,0.8959,0.1323,0.5193,2674.63,2079.29,8247.84
119,CLM-026321,Cigna,Commercial,Oncology,2026-05-19,43,31-60,2,12554.41,0.5991,0.8897,0.142,0.4573,7521.86,5741.48,8229.46
120,CLM-009255,Aetna,Commercial,Cardiology,2026-04-23,69,61-90,3,6900.85,0.6486,0.8922,0.1064,0.5171,4475.84,3568.32,8207.14
121,CLM-021111,Cigna,Commercial,Orthopedics,2026-04-17,75,61-90,3,7110.89,0.6083,0.8909,0.1567,0.457,4325.79,3249.82,8124.54
122,CLM-022067,Medicare,Medicare,Imaging,2024-10-23,616,120+,5,863.98,0.5519,0.9095,0.088,0.4578,476.86,395.56,8122.09
123,CLM-003387,Blue Cross Blue Shield,Commercial,Oncology,2026-02-28,123,120+,5,4145.2,0.633,0.8934,0.1553,0.4776,2623.85,1979.94,8117.75
124,CLM-017003,UnitedHealthcare,Commercial,Surgery,2026-04-17,75,61-90,3,7106.11,0.5926,0.8867,0.1342,0.455,4211.3,3233.1,8082.74
125,CLM-004003,Medicare,Medicare,Surgery,2026-02-23,128,120+,5,4907.92,0.4551,0.9122,0.0734,0.3847,2233.68,1888.1,8055.9
126,CLM-027134,Cigna,Commercial,Surgery,2026-03-12,111,91-120,4,4932.99,0.5886,0.8884,0.1583,0.4401,2903.41,2171.08,8032.98
127,CLM-022614,Medicare,Medicare,Cardiology,2026-06-03,28,0-30,1,20674.51,0.4928,0.9102,0.0733,0.4157,10188.38,8593.91,8020.98
128,CLM-025913,Blue Cross Blue Shield,Commercial,Emergency Department,2025-08-05,330,120+,5,1299.2,0.7136,0.8926,0.1226,0.5589,927.09,726.07,7986.73
129,CLM-024626,Medicare,Medicare,Cardiology,2026-05-03,59,31-60,2,9614.37,0.4928,0.9102,0.0733,0.4157,4737.95,3996.47,7859.72
130,CLM-009403,UnitedHealthcare,Commercial,Orthopedics,2026-05-29,33,31-60,2,14961.23,0.6148,0.8886,0.1354,0.4724,9198.81,7066.97,7773.66
131,CLM-015516,Aetna,Commercial,Oncology,2026-05-07,55,31-60,2,8553.74,0.6145,0.8929,0.1063,0.4904,5256.51,4194.74,7690.35
132,CLM-014109,Cigna,Commercial,Oncology,2026-05-15,47,31-60,2,10583.02,0.5991,0.8897,0.142,0.4573,6340.72,4839.91,7582.53
133,CLM-028036,State Workers' Compensation,Workers' Comp,OB/GYN,2026-01-31,151,120+,5,2089.93,0.8277,0.9687,0.1238,0.7024,1729.77,1468.05,7389.18
134,CLM-014421,Humana Medicare Advantage,Medicare Advantage,Cardiology,2026-03-04,119,91-120,4,4526.2,0.5408,0.908,0.1628,0.4112,2447.89,1860.96,7381.81
135,CLM-006373,Medicare,Medicare,Orthopedics,2026-05-23,39,31-60,2,14211.19,0.474,0.91,0.0748,0.3991,6736.14,5671.37,7372.78
136,CLM-004424,Medicare,Medicare,Orthopedics,2026-05-24,38,31-60,2,14421.8,0.474,0.91,0.0748,0.3991,6835.97,5755.42,7290.19
137,CLM-024349,Blue Cross Blue Shield,Commercial,Surgery,2026-05-22,40,31-60,2,13209.33,0.546,0.8931,0.1518,0.4137,7212.88,5464.14,7285.51
138,CLM-018364,Blue Cross Blue Shield,Commercial,Orthopedics,2026-05-20,42,31-60,2,10108.72,0.6432,0.8953,0.1078,0.5138,6501.56,5193.51,7270.91
139,CLM-016331,Medicare,Medicare,Emergency Department,2026-02-03,148,120+,5,3285.19,0.5275,0.9108,0.0683,0.4477,1733.04,1470.68,7255.34
140,CLM-003297,Medicaid,Medicaid,Orthopedics,2026-04-25,67,61-90,3,9298.28,0.427,0.9623,0.1511,0.3488,3969.9,3243.13,7242.98
141,CLM-006234,Aetna,Commercial,Imaging,2026-01-12,170,120+,5,2329.28,0.7234,0.8925,0.1502,0.5486,1684.89,1277.86,7241.22
142,CLM-004998,Medicaid,Medicaid,Oncology,2026-02-20,131,120+,5,4674.34,0.4189,0.9628,0.1232,0.3536,1958.12,1652.99,7218.04
143,CLM-006735,Humana Medicare Advantage,Medicare Advantage,Imaging,2026-02-28,123,120+,5,3872.26,0.6027,0.9091,0.1795,0.4496,2333.98,1740.95,7137.88
144,CLM-010358,Medicaid,Medicaid,Imaging,2026-02-18,133,120+,5,3959.89,0.4932,0.9622,0.1437,0.4063,1952.91,1609.0,7133.22
145,CLM-007597,Humana Medicare Advantage,Medicare Advantage,Oncology,2026-03-10,113,91-120,4,4850.89,0.5111,0.9071,0.1642,0.3875,2479.22,1879.67,7080.09
146,CLM-013866,UnitedHealthcare,Commercial,Cardiology,2026-06-03,28,0-30,1,16126.55,0.6402,0.8926,0.1924,0.4615,10323.51,7442.36,6946.2
147,CLM-013222,Medicare,Medicare,Orthopedics,2026-05-26,36,31-60,2,14352.42,0.474,0.91,0.0748,0.3991,6803.08,5727.73,6873.27
148,CLM-000777,Aetna,Commercial,Orthopedics,2026-04-16,76,61-90,3,5579.46,0.626,0.8939,0.1374,0.4827,3492.63,2693.11,6822.55
149,CLM-029658,UnitedHealthcare,Commercial,Imaging,2026-03-14,109,91-120,4,3560.28,0.713,0.8876,0.1687,0.5261,2538.38,1873.02,6805.32
150,CLM-017279,UnitedHealthcare,Commercial,OB/GYN,2026-04-12,80,61-90,3,5089.01,0.652,0.8905,0.1422,0.4981,3318.15,2534.68,6759.15
151,CLM-025764,Humana Medicare Advantage,Medicare Advantage,Imaging,2026-02-19,132,120+,5,3386.83,0.6027,0.9091,0.1795,0.4496,2041.39,1522.7,6699.88
152,CLM-002859,Humana Medicare Advantage,Medicare Advantage,Imaging,2026-01-15,167,120+,5,2670.46,0.6027,0.9091,0.1795,0.4496,1609.6,1200.62,6683.48
153,CLM-018815,Humana Medicare Advantage,Medicare Advantage,Cardiology,2026-05-24,38,31-60,2,12644.99,0.5408,0.908,0.1628,0.4112,6838.74,5199.02,6585.43
154,CLM-004912,Medicare,Medicare,Oncology,2026-03-08,115,91-120,4,4389.57,0.4637,0.9074,0.0783,0.3878,2035.28,1702.35,6525.67
155,CLM-005482,Cigna,Commercial,OB/GYN,2026-04-22,70,61-90,3,5674.84,0.6427,0.8919,0.1475,0.4887,3647.42,2773.19,6470.79
156,CLM-016851,State Workers' Compensation,Workers' Comp,Surgery,2026-05-24,38,31-60,2,7561.49,0.7905,0.972,0.1238,0.6732,5977.39,5090.66,6448.17
157,CLM-005224,TRICARE,Military,Surgery,2026-04-27,65,61-90,3,6329.8,0.5463,0.9624,0.108,0.469,3457.89,2968.45,6431.63
158,CLM-029782,Medicare,Medicare,Cardiology,2026-05-19,43,31-60,2,10748.26,0.4928,0.9102,0.0733,0.4157,5296.73,4467.8,6403.85
159,CLM-006748,State Workers' Compensation,Workers' Comp,OB/GYN,2026-02-14,137,120+,5,1979.1,0.8277,0.9687,0.1238,0.7024,1638.04,1390.2,6348.57
160,CLM-018583,Cigna,Commercial,Emergency Department,2026-02-13,138,120+,5,2684.69,0.6704,0.8882,0.1375,0.5136,1799.77,1378.74,6342.22
161,CLM-005927,State Workers' Compensation,Workers' Comp,Orthopedics,2026-06-08,23,0-30,1,12896.09,0.7963,0.9713,0.1707,0.6414,10268.93,8271.73,6341.66
162,CLM-000036,Molina Healthcare,Medicaid Managed Care,Surgery,2026-04-19,73,61-90,3,7789.85,0.435,0.9607,0.2035,0.3329,3388.49,2593.03,6309.72
163,CLM-011674,Blue Cross Blue Shield,Commercial,Surgery,2026-06-03,28,0-30,1,16199.06,0.546,0.8931,0.1518,0.4137,8845.4,6700.86,6254.13
164,CLM-015957,Molina Healthcare,Medicaid Managed Care,Orthopedics,2026-04-30,62,61-90,3,9379.2,0.4483,0.9572,0.2571,0.3188,4204.98,2990.0,6179.33
165,CLM-017826,Molina Healthcare,Medicaid Managed Care,Surgery,2026-04-06,86,61-90,3,6475.63,0.435,0.9607,0.2035,0.3329,2816.82,2155.57,6179.29
166,CLM-023860,Medicaid,Medicaid,OB/GYN,2024-12-22,556,120+,5,879.89,0.4528,0.9615,0.1322,0.3778,398.43,332.42,6160.92
167,CLM-021429,Aetna,Commercial,Primary Care,2024-11-11,597,120+,5,539.73,0.7107,0.8917,0.1021,0.569,383.58,307.13,6111.85
168,CLM-002500,Humana Medicare Advantage,Medicare Advantage,Surgery,2026-03-14,109,91-120,4,4249.89,0.5031,0.9081,0.1465,0.3899,2138.02,1657.09,6020.77
169,CLM-015197,Humana Medicare Advantage,Medicare Advantage,Cardiology,2026-05-31,31,31-60,2,13959.45,0.5408,0.908,0.1628,0.4112,7549.64,5739.47,5930.78
170,CLM-027803,Cigna,Commercial,Oncology,2026-04-18,74,61-90,3,5238.65,0.5991,0.8897,0.142,0.4573,3138.69,2395.78,5909.59
171,CLM-006938,Aetna,Commercial,Orthopedics,2026-06-14,17,0-30,1,21602.74,0.626,0.8939,0.1374,0.4827,13522.9,10427.29,5908.8
172,CLM-029231,UnitedHealthcare,Commercial,Imaging,2025-09-07,297,120+,5,1121.38,0.713,0.8876,0.1687,0.5261,799.51,589.95,5840.46
173,CLM-012034,Medicaid,Medicaid,Orthopedics,2026-01-05,177,120+,5,2796.98,0.427,0.9623,0.1511,0.3488,1194.17,975.55,5755.76
174,CLM-003649,Medicare,Medicare,Cardiology,2026-05-27,35,31-60,2,11716.43,0.4928,0.9102,0.0733,0.4157,5773.85,4870.25,5681.95
175,CLM-020332,UnitedHealthcare,Commercial,Oncology,2026-04-18,74,61-90,3,5498.54,0.5511,0.8913,0.1473,0.4189,3030.47,2303.2,5681.22
176,CLM-009159,Molina Healthcare,Medicaid Managed Care,Oncology,2026-04-09,83,61-90,3,5845.5,0.44,0.9559,0.1655,0.351,2572.17,2051.76,5676.53
177,CLM-007250,TRICARE,Military,Cardiology,2026-05-22,40,31-60,2,8086.82,0.5757,0.9648,0.0537,0.5256,4655.25,4250.36,5667.15
178,CLM-027726,Self-Pay,Self-Pay,Cardiology,2026-04-23,69,61-90,3,12751.99,0.9768,0.2011,0.0279,0.191,12456.26,2435.01,5600.53
179,CLM-013547,Aetna,Commercial,Cardiology,2026-03-19,104,91-120,4,3107.89,0.6486,0.8922,0.1064,0.5171,2015.75,1607.04,5571.07
180,CLM-023262,UnitedHealthcare,Commercial,Orthopedics,2026-06-06,25,0-30,1,14128.29,0.6148,0.8886,0.1354,0.4724,8686.68,6673.53,5561.27
181,CLM-003750,UnitedHealthcare,Commercial,Oncology,2026-05-18,44,31-60,2,8995.67,0.5511,0.8913,0.1473,0.4189,4957.87,3768.06,5526.48
182,CLM-016730,UnitedHealthcare,Commercial,Cardiology,2026-04-17,75,61-90,3,4786.03,0.6402,0.8926,0.1924,0.4615,3063.81,2208.74,5521.85
183,CLM-014565,UnitedHealthcare,Commercial,Imaging,2026-02-07,144,120+,5,2170.76,0.713,0.8876,0.1687,0.5261,1547.69,1142.01,5481.66
184,CLM-024277,Humana Medicare Advantage,Medicare Advantage,Surgery,2026-05-19,43,31-60,2,9773.44,0.5031,0.9081,0.1465,0.3899,4916.78,3810.8,5462.15
185,CLM-016871,Blue Cross Blue Shield,Commercial,Emergency Department,2025-01-25,522,120+,5,559.63,0.7136,0.8926,0.1226,0.5589,399.35,312.75,5441.9
186,CLM-018921,Blue Cross Blue Shield,Commercial,Orthopedics,2026-01-26,156,120+,5,2027.49,0.6432,0.8953,0.1078,0.5138,1304.01,1041.65,5416.6
187,CLM-022784,Aetna,Commercial,Emergency Department,2025-07-19,347,120+,5,864.57,0.6916,0.8933,0.1305,0.5372,597.9,464.41,5371.67
188,CLM-024273,Humana Medicare Advantage,Medicare Advantage,Cardiology,2026-05-28,34,31-60,2,11521.92,0.5408,0.908,0.1628,0.4112,6231.36,4737.27,5368.91
189,CLM-022357,Humana Medicare Advantage,Medicare Advantage,Orthopedics,2026-05-13,49,31-60,2,8321.22,0.5212,0.9087,0.1667,0.3947,4336.84,3284.25,5364.28
190,CLM-014308,Blue Cross Blue Shield,Commercial,Emergency Department,2026-01-30,152,120+,5,1883.15,0.7136,0.8926,0.1226,0.5589,1343.79,1052.41,5332.21
191,CLM-002362,Molina Healthcare,Medicaid Managed Care,Cardiology,2026-05-30,32,31-60,2,13653.89,0.4642,0.9572,0.183,0.3631,6338.64,4957.23,5287.71
192,CLM-018638,Medicare,Medicare,Cardiology,2026-03-24,99,91-120,4,3849.07,0.4928,0.9102,0.0733,0.4157,1896.82,1599.97,5279.9
193,CLM-007808,Self-Pay,Self-Pay,Emergency Department,2024-11-21,587,120+,5,1385.24,0.9887,0.2027,0.0379,0.1929,1369.64,267.17,5227.55
194,CLM-008116,UnitedHealthcare,Commercial,Laboratory,2024-10-22,617,120+,5,439.74,0.7392,0.8893,0.1223,0.577,325.05,253.72,5218.14
195,CLM-012569,Humana Medicare Advantage,Medicare Advantage,Cardiology,2026-05-23,39,31-60,2,9665.46,0.5408,0.908,0.1628,0.4112,5227.33,3973.98,5166.18
196,CLM-009298,Blue Cross Blue Shield,Commercial,Laboratory,2024-11-17,591,120+,5,430.67,0.7724,0.8932,0.1188,0.6079,332.64,261.82,5157.94
197,CLM-002516,UnitedHealthcare,Commercial,Surgery,2026-06-07,24,0-30,1,14102.74,0.5926,0.8867,0.1342,0.455,8357.72,6416.38,5133.11
198,CLM-015374,Molina Healthcare,Medicaid Managed Care,Orthopedics,2026-06-12,19,0-30,1,25303.69,0.4483,0.9572,0.2571,0.3188,11344.42,8066.57,5108.83
199,CLM-005052,Aetna,Commercial,Surgery,2026-04-22,70,61-90,3,4585.55,0.6037,0.8928,0.121,0.4738,2768.43,2172.5,5069.16
200,CLM-028384,Humana Medicare Advantage,Medicare Advantage,Cardiology,2026-05-29,33,31-60,2,11021.48,0.5408,0.908,0.1628,0.4112,5960.71,4531.51,4984.67
201,CLM-003043,Medicaid,Medicaid,Cardiology,2026-01-15,167,120+,5,2338.07,0.4424,0.9619,0.1187,0.375,1034.25,876.82,4880.97
202,CLM-022687,TRICARE,Military,Oncology,2026-05-16,46,31-60,2,6391.16,0.556,0.9669,0.0903,0.4891,3553.58,3125.83,4792.93
203,CLM-004468,Aetna,Commercial,Orthopedics,2026-05-24,38,31-60,2,7824.6,0.626,0.8939,0.1374,0.4827,4898.05,3776.81,4783.95
204,CLM-017475,Humana Medicare Advantage,Medicare Advantage,Surgery,2026-05-30,32,31-60,2,11458.98,0.5031,0.9081,0.1465,0.3899,5764.74,4468.02,4765.89
205,CLM-004033,TRICARE,Military,Emergency Department,2026-04-12,80,61-90,3,3237.78,0.6081,0.9661,0.0703,0.5462,1968.91,1768.4,4715.74
206,CLM-007035,State Workers' Compensation,Workers' Comp,Orthopedics,2026-05-02,60,31-60,2,3672.84,0.7963,0.9713,0.1707,0.6414,2924.62,2355.81,4711.62
207,CLM-015501,Humana Medicare Advantage,Medicare Advantage,Primary Care,2025-06-19,377,120+,5,765.91,0.5927,0.9071,0.0994,0.4842,453.93,370.84,4660.22
208,CLM-023642,Medicare,Medicare,Imaging,2026-01-27,155,120+,5,1955.85,0.5519,0.9095,0.088,0.4578,1079.5,895.45,4626.48
209,CLM-024276,Blue Cross Blue Shield,Commercial,Orthopedics,2026-05-26,36,31-60,2,7480.6,0.6432,0.8953,0.1078,0.5138,4811.25,3843.27,4611.92
210,CLM-015564,Cigna,Commercial,Emergency Department,2026-04-25,67,61-90,3,3972.25,0.6704,0.8882,0.1375,0.5136,2662.94,2039.98,4555.96
211,CLM-021137,Humana Medicare Advantage,Medicare Advantage,Surgery,2026-05-20,42,31-60,2,8346.0,0.5031,0.9081,0.1465,0.3899,4198.67,3254.22,4555.91
212,CLM-011937,Medicaid,Medicaid,Cardiology,2026-02-28,123,120+,5,2962.6,0.4424,0.9619,0.1187,0.375,1310.52,1111.03,4555.23
213,CLM-025693,Blue Cross Blue Shield,Commercial,Emergency Department,2026-01-26,156,120+,5,1554.36,0.7136,0.8926,0.1226,0.5589,1109.17,868.66,4517.05
214,CLM-013803,Aetna,Commercial,Cardiology,2026-05-24,38,31-60,2,6855.53,0.6486,0.8922,0.1064,0.5171,4446.45,3544.89,4490.19
215,CLM-026820,Molina Healthcare,Medicaid Managed Care,Emergency Department,2026-01-06,176,120+,5,1934.03,0.4933,0.9566,0.1726,0.3904,954.02,755.09,4429.88
216,CLM-029722,Medicare,Medicare,Imaging,2026-04-04,88,61-90,3,3267.51,0.5519,0.9095,0.088,0.4578,1803.45,1495.97,4388.17
217,CLM-019973,Aetna,Commercial,Oncology,2026-05-22,40,31-60,2,6648.85,0.6145,0.8929,0.1063,0.4904,4085.9,3260.58,4347.44
218,CLM-001642,UnitedHealthcare,Commercial,Surgery,2026-05-25,37,31-60,2,7744.96,0.5926,0.8867,0.1342,0.455,4589.9,3523.76,4345.97
219,CLM-008428,Medicare,Medicare,Cardiology,2026-04-20,72,61-90,3,4302.72,0.4928,0.9102,0.0733,0.4157,2120.38,1788.54,4292.5
220,CLM-023854,UnitedHealthcare,Commercial,Imaging,2025-05-30,397,120+,5,608.41,0.713,0.8876,0.1687,0.5261,433.78,320.08,4235.7
221,CLM-008561,Cigna,Commercial,Emergency Department,2026-02-01,150,120+,5,1614.79,0.6704,0.8882,0.1375,0.5136,1082.53,829.29,4146.44
222,CLM-009344,Humana Medicare Advantage,Medicare Advantage,Cardiology,2026-05-09,53,31-60,2,5704.2,0.5408,0.908,0.1628,0.4112,3084.98,2345.3,4143.36
223,CLM-023212,Aetna,Commercial,Orthopedics,2026-06-15,16,0-30,1,16023.98,0.626,0.8939,0.1374,0.4827,10030.7,7734.51,4125.07
224,CLM-008932,Blue Cross Blue Shield,Commercial,Orthopedics,2026-05-05,57,31-60,2,4203.31,0.6432,0.8953,0.1078,0.5138,2703.42,2159.51,4103.07
225,CLM-006722,Humana Medicare Advantage,Medicare Advantage,Orthopedics,2026-06-13,18,0-30,1,17247.72,0.5212,0.9087,0.1667,0.3947,8989.15,6807.4,4084.44
226,CLM-027111,Humana Medicare Advantage,Medicare Advantage,Orthopedics,2026-05-30,32,31-60,2,9693.82,0.5212,0.9087,0.1667,0.3947,5052.21,3826.0,4081.06
227,CLM-008629,Blue Cross Blue Shield,Commercial,Oncology,2026-04-17,75,61-90,3,3389.65,0.633,0.8934,0.1553,0.4776,2145.6,1619.05,4047.63
228,CLM-017346,Cigna,Commercial,Oncology,2026-05-22,40,31-60,2,6607.99,0.5991,0.8897,0.142,0.4573,3959.12,3022.02,4029.36
229,CLM-004022,Aetna,Commercial,Orthopedics,2026-06-13,18,0-30,1,13854.89,0.626,0.8939,0.1374,0.4827,8672.89,6687.53,4012.52
230,CLM-018083,Medicare,Medicare,Emergency Department,2026-01-11,171,120+,5,1567.25,0.5275,0.9108,0.0683,0.4477,826.78,701.61,3999.17
231,CLM-015481,Medicare,Medicare,Behavioral Health,2025-04-01,456,120+,5,595.44,0.5254,0.907,0.0745,0.441,312.83,262.6,3991.55
232,CLM-014046,Medicare,Medicare,Cardiology,2026-06-11,20,0-30,1,14392.82,0.4928,0.9102,0.0733,0.4157,7092.77,5982.76,3988.51
233,CLM-021765,UnitedHealthcare,Commercial,Emergency Department,2026-04-20,72,61-90,3,3193.85,0.6821,0.8882,0.1411,0.5203,2178.49,1661.85,3988.44
234,CLM-005596,Medicare,Medicare,Emergency Department,2026-04-03,89,61-90,3,2998.08,0.5275,0.9108,0.0683,0.4477,1581.58,1342.15,3981.7
235,CLM-009051,Medicare,Medicare,OB/GYN,2026-05-19,43,31-60,2,6386.19,0.5041,0.9072,0.0511,0.4339,3219.3,2771.23,3972.09
236,CLM-015851,TRICARE,Military,Imaging,2026-01-13,169,120+,5,1205.87,0.6292,0.9646,0.037,0.5844,758.71,704.76,3970.16
237,CLM-020609,Blue Cross Blue Shield,Commercial,Surgery,2026-05-04,58,31-60,2,4963.48,0.546,0.8931,0.1518,0.4137,2710.28,2053.18,3969.48
238,CLM-018729,UnitedHealthcare,Commercial,Emergency Department,2026-04-14,78,61-90,3,2858.12,0.6821,0.8882,0.1411,0.5203,1949.49,1487.16,3866.62
239,CLM-020276,TRICARE,Military,Primary Care,2025-07-10,356,120+,5,601.66,0.6186,0.9637,0.094,0.5402,372.2,324.99,3856.53
240,CLM-006516,Aetna,Commercial,Oncology,2026-05-23,39,31-60,2,5997.6,0.6145,0.8929,0.1063,0.4904,3685.69,2941.21,3823.58
241,CLM-017385,Humana Medicare Advantage,Medicare Advantage,Surgery,2026-05-30,32,31-60,2,9089.88,0.5031,0.9081,0.1465,0.3899,4572.9,3544.27,3780.56
242,CLM-002295,Medicare,Medicare,Primary Care,2025-05-28,399,120+,5,615.35,0.5401,0.911,0.0628,0.4612,332.38,283.78,3774.31
243,CLM-013043,Humana Medicare Advantage,Medicare Advantage,Orthopedics,2026-05-24,38,31-60,2,7462.19,0.5212,0.9087,0.1667,0.3947,3889.14,2945.21,3730.6
244,CLM-017062,Medicare,Medicare,Oncology,2026-04-05,87,61-90,3,3296.2,0.4637,0.9074,0.0783,0.3878,1528.33,1278.32,3707.13
245,CLM-019818,TRICARE,Military,Orthopedics,2026-05-26,36,31-60,2,6336.5,0.5591,0.9683,0.1009,0.4868,3542.96,3084.44,3701.33
246,CLM-014403,UnitedHealthcare,Commercial,Surgery,2026-05-23,39,31-60,2,6150.78,0.5926,0.8867,0.1342,0.455,3645.14,2798.45,3637.98
247,CLM-028532,Humana Medicare Advantage,Medicare Advantage,Emergency Department,2026-04-13,79,61-90,3,3159.9,0.5773,0.906,0.1694,0.4344,1824.14,1372.71,3614.79
248,CLM-003574,UnitedHealthcare,Commercial,OB/GYN,2026-04-20,72,61-90,3,2975.7,0.652,0.8905,0.1422,0.4981,1940.22,1482.11,3557.05
249,CLM-022307,TRICARE,Military,Oncology,2026-04-12,80,61-90,3,2720.4,0.556,0.9669,0.0903,0.4891,1512.58,1330.51,3548.02
250,CLM-022194,Aetna,Commercial,Emergency Department,2026-04-25,67,61-90,3,2951.98,0.6916,0.8933,0.1305,0.5372,2041.45,1585.68,3541.34
251,CLM-012859,Humana Medicare Advantage,Medicare Advantage,Orthopedics,2026-06-13,18,0-30,1,14943.26,0.5212,0.9087,0.1667,0.3947,7788.11,5897.87,3538.72
252,CLM-022094,Blue Cross Blue Shield,Commercial,Emergency Department,2026-03-12,111,91-120,4,1709.96,0.7136,0.8926,0.1226,0.5589,1220.21,955.62,3535.8
253,CLM-002219,Molina Healthcare,Medicaid Managed Care,Orthopedics,2026-05-22,40,31-60,2,8298.48,0.4483,0.9572,0.2571,0.3188,3720.46,2645.48,3527.3
254,CLM-001807,UnitedHealthcare,Commercial,Emergency Department,2026-04-06,86,61-90,3,2359.58,0.6821,0.8882,0.1411,0.5203,1609.44,1227.76,3519.57
255,CLM-028105,Cigna,Commercial,Imaging,2026-03-16,107,91-120,4,2006.85,0.7012,0.8886,0.2119,0.4911,1407.19,985.48,3514.88
256,CLM-029743,Medicare,Medicare,Imaging,2026-04-07,85,61-90,3,2706.79,0.5519,0.9095,0.088,0.4578,1493.97,1239.25,3511.21
257,CLM-020190,Aetna,Commercial,Primary Care,2025-08-07,328,120+,5,560.93,0.7107,0.8917,0.1021,0.569,398.64,319.19,3489.83
258,CLM-009257,Medicare,Medicare,Cardiology,2026-04-27,65,61-90,3,3806.84,0.4928,0.9102,0.0733,0.4157,1876.01,1582.41,3428.56
259,CLM-016602,Humana Medicare Advantage,Medicare Advantage,Oncology,2026-05-16,46,31-60,2,5762.15,0.5111,0.9071,0.1642,0.3875,2944.95,2232.77,3423.59
260,CLM-004234,UnitedHealthcare,Commercial,Orthopedics,2026-04-30,62,61-90,3,3502.53,0.6148,0.8886,0.1354,0.4724,2153.51,1654.43,3419.15
261,CLM-019319,TRICARE,Military,Oncology,2026-05-19,43,31-60,2,4868.23,0.556,0.9669,0.0903,0.4891,2706.81,2380.98,3412.74
262,CLM-003195,Self-Pay,Self-Pay,Surgery,2026-05-26,36,31-60,2,15681.79,0.9131,0.2059,0.0449,0.1796,14319.62,2816.29,3379.55
263,CLM-011111,Blue Cross Blue Shield,Commercial,Surgery,2026-06-12,19,0-30,1,12743.17,0.546,0.8931,0.1518,0.4137,6958.33,5271.3,3338.49
264,CLM-025655,Aetna,Commercial,Surgery,2026-06-02,29,0-30,1,7267.76,0.6037,0.8928,0.121,0.4738,4387.75,3443.25,3328.47
265,CLM-017988,Humana Medicare Advantage,Medicare Advantage,Surgery,2026-06-05,26,0-30,1,9797.25,0.5031,0.9081,0.1465,0.3899,4928.76,3820.09,3310.74
266,CLM-026786,Medicaid,Medicaid,Orthopedics,2026-06-12,19,0-30,1,14791.42,0.427,0.9623,0.1511,0.3488,6315.2,5159.07,3267.41
267,CLM-009116,UnitedHealthcare,Commercial,Cardiology,2026-05-30,32,31-60,2,6633.02,0.6402,0.8926,0.1924,0.4615,4246.17,3061.12,3265.2
268,CLM-016025,Blue Cross Blue Shield,Commercial,Surgery,2026-06-09,22,0-30,1,10754.16,0.546,0.8931,0.1518,0.4137,5872.24,4448.54,3262.26
269,CLM-019784,Medicare,Medicare,Laboratory,2025-09-27,277,120+,5,730.51,0.571,0.9097,0.0722,0.4819,417.11,352.04,3250.5
270,CLM-008366,TRICARE,Military,Cardiology,2026-06-16,15,0-30,1,12202.83,0.5757,0.9648,0.0537,0.5256,7024.67,6413.7,3206.85
271,CLM-019948,Aetna,Commercial,Emergency Department,2026-04-16,76,61-90,3,2356.2,0.6916,0.8933,0.1305,0.5372,1629.44,1265.65,3206.31
272,CLM-016358,Blue Cross Blue Shield,Commercial,Imaging,2026-04-11,81,61-90,3,2063.23,0.7463,0.8925,0.1448,0.5697,1539.87,1175.38,3173.53
273,CLM-020617,Self-Pay,Self-Pay,Cardiology,2026-04-09,83,61-90,3,6003.72,0.9768,0.2011,0.0279,0.191,5864.49,1146.42,3171.76
274,CLM-007532,Humana Medicare Advantage,Medicare Advantage,Cardiology,2026-06-07,24,0-30,1,9593.85,0.5408,0.908,0.1628,0.4112,5188.61,3944.54,3155.63
275,CLM-010786,Molina Healthcare,Medicaid Managed Care,Emergency Department,2026-01-05,177,120+,5,1363.7,0.4933,0.9566,0.1726,0.3904,672.69,532.42,3141.29
276,CLM-007589,UnitedHealthcare,Commercial,Cardiology,2026-05-21,41,31-60,2,4968.24,0.6402,0.8926,0.1924,0.4615,3180.45,2292.83,3133.53
277,CLM-029388,Cigna,Commercial,Imaging,2026-04-03,89,61-90,3,2144.59,0.7012,0.8886,0.2119,0.4911,1503.77,1053.12,3124.26
278,CLM-021988,Humana Medicare Advantage,Medicare Advantage,Orthopedics,2026-05-30,32,31-60,2,7409.96,0.5212,0.9087,0.1667,0.3947,3861.92,2924.59,3119.57
279,CLM-021698,Self-Pay,Self-Pay,Orthopedics,2026-05-24,38,31-60,2,14038.82,0.9426,0.1928,0.0415,0.1742,13232.32,2445.9,3098.14
280,CLM-013113,Medicaid,Medicaid,Emergency Department,2026-03-26,97,91-120,4,2481.96,0.4726,0.9636,0.1567,0.384,1172.99,953.19,3081.99
281,CLM-027273,TRICARE,Military,Oncology,2026-05-01,61,61-90,3,3098.38,0.556,0.9669,0.0903,0.4891,1722.75,1515.37,3081.26
282,CLM-011606,Medicare,Medicare,Imaging,2026-02-04,147,120+,5,1365.91,0.5519,0.9095,0.088,0.4578,753.89,625.36,3064.24
283,CLM-023680,Blue Cross Blue Shield,Commercial,Laboratory,2024-10-18,621,120+,5,240.84,0.7724,0.8932,0.1188,0.6079,186.02,146.42,3030.85
284,CLM-008028,Blue Cross Blue Shield,Commercial,Oncology,2026-04-23,69,61-90,3,2752.72,0.633,0.8934,0.1553,0.4776,1742.43,1314.83,3024.1
285,CLM-020268,Aetna,Commercial,Orthopedics,2026-05-25,37,31-60,2,5079.03,0.626,0.8939,0.1374,0.4827,3179.37,2451.56,3023.6
286,CLM-015886,Medicare,Medicare,Oncology,2026-06-05,26,0-30,1,8987.68,0.4637,0.9074,0.0783,0.3878,4167.25,3485.57,3020.83
287,CLM-014317,Blue Cross Blue Shield,Commercial,Oncology,2026-06-16,15,0-30,1,12598.32,0.633,0.8934,0.1553,0.4776,7974.54,6017.54,3008.77
288,CLM-017546,Molina Healthcare,Medicaid Managed Care,Emergency Department,2026-05-17,45,31-60,2,5133.23,0.4933,0.9566,0.1726,0.3904,2532.12,2004.14,3006.21
289,CLM-027125,Medicare,Medicare,Emergency Department,2026-02-11,140,120+,5,1428.69,0.5275,0.9108,0.0683,0.4477,753.68,639.58,2984.71
290,CLM-025847,Cigna,Commercial,OB/GYN,2026-05-30,32,31-60,2,5707.8,0.6427,0.8919,0.1475,0.4887,3668.6,2789.3,2975.25
291,CLM-025582,Aetna,Commercial,Orthopedics,2026-06-16,15,0-30,1,12291.46,0.626,0.8939,0.1374,0.4827,7694.22,5932.89,2966.44
292,CLM-001044,UnitedHealthcare,Commercial,Imaging,2026-04-04,88,61-90,3,1887.81,0.713,0.8876,0.1687,0.5261,1345.95,993.16,2913.26
293,CLM-001017,Molina Healthcare,Medicaid Managed Care,Laboratory,2024-07-17,714,120+,5,281.84,0.5329,0.9578,0.1514,0.4331,150.19,122.07,2905.29
294,CLM-012656,Humana Medicare Advantage,Medicare Advantage,Cardiology,2026-06-12,19,0-30,1,11137.39,0.5408,0.908,0.1628,0.4112,6023.39,4579.17,2900.14
295,CLM-002178,Humana Medicare Advantage,Medicare Advantage,Oncology,2026-06-12,19,0-30,1,11776.38,0.5111,0.9071,0.1642,0.3875,6018.73,4563.23,2890.04
296,CLM-023918,Molina Healthcare,Medicaid Managed Care,Orthopedics,2026-01-13,169,120+,5,1605.98,0.4483,0.9572,0.2571,0.3188,720.01,511.97,2884.1
297,CLM-028511,Medicare,Medicare,Oncology,2026-06-14,17,0-30,1,13033.73,0.4637,0.9074,0.0783,0.3878,6043.26,5054.7,2864.33
298,CLM-026439,Medicaid,Medicaid,Surgery,2026-06-04,27,0-30,1,9006.89,0.4102,0.963,0.1141,0.3499,3694.55,3151.92,2836.73
299,CLM-023584,UnitedHealthcare,Commercial,Oncology,2026-06-18,13,0-30,1,15441.71,0.5511,0.8913,0.1473,0.4189,8510.54,6468.14,2802.86
300,CLM-009888,Medicare,Medicare,Oncology,2026-05-20,42,31-60,2,5116.75,0.4637,0.9074,0.0783,0.3878,2372.45,1984.36,2778.11
301,CLM-017258,Medicare,Medicare,Emergency Department,2026-05-25,37,31-60,2,5027.57,0.5275,0.9108,0.0683,0.4477,2652.21,2250.69,2775.85
302,CLM-002667,Aetna,Commercial,Oncology,2026-06-11,20,0-30,1,8476.5,0.6145,0.8929,0.1063,0.4904,5209.04,4156.86,2771.24
303,CLM-019489,Humana Medicare Advantage,Medicare Advantage,Emergency Department,2026-05-19,43,31-60,2,4414.56,0.5773,0.906,0.1694,0.4344,2548.43,1917.75,2748.77
304,CLM-000370,Aetna,Commercial,Cardiology,2026-06-07,24,0-30,1,6625.51,0.6486,0.8922,0.1064,0.5171,4297.26,3425.95,2740.76
305,CLM-024918,Molina Healthcare,Medicaid Managed Care,Oncology,2026-05-30,32,31-60,2,7316.74,0.44,0.9559,0.1655,0.351,3219.55,2568.16,2739.37
306,CLM-002936,UnitedHealthcare,Commercial,Orthopedics,2026-06-14,17,0-30,1,10222.6,0.6148,0.8886,0.1354,0.4724,6285.3,4828.67,2736.24
307,CLM-010089,Medicare,Medicare,Cardiology,2026-06-06,25,0-30,1,7874.77,0.4928,0.9102,0.0733,0.4157,3880.68,3273.36,2727.8
308,CLM-007615,Aetna,Commercial,Primary Care,2025-06-23,373,120+,5,384.3,0.7107,0.8917,0.1021,0.569,273.11,218.68,2718.95
309,CLM-027641,State Workers' Compensation,Workers' Comp,Cardiology,2026-06-14,17,0-30,1,7123.29,0.8156,0.9736,0.1541,0.6717,5809.88,4784.72,2711.34
310,CLM-017107,Molina Healthcare,Medicaid Managed Care,Orthopedics,2026-06-14,17,0-30,1,14956.12,0.4483,0.9572,0.2571,0.3188,6705.29,4767.87,2701.79
311,CLM-000159,Molina Healthcare,Medicaid Managed Care,Emergency Department,2026-04-15,77,61-90,3,2692.04,0.4933,0.9566,0.1726,0.3904,1327.93,1051.04,2697.67
312,CLM-001937,Blue Cross Blue Shield,Commercial,Oncology,2026-06-15,16,0-30,1,10555.9,0.633,0.8934,0.1553,0.4776,6681.72,5041.98,2689.06
313,CLM-011181,Medicare,Medicare,OB/GYN,2026-05-26,36,31-60,2,5111.9,0.5041,0.9072,0.0511,0.4339,2576.93,2218.26,2661.91
314,CLM-028294,Blue Cross Blue Shield,Commercial,Primary Care,2025-04-26,431,120+,5,316.47,0.7321,0.8927,0.1047,0.5852,231.69,185.19,2660.51
315,CLM-003381,UnitedHealthcare,Commercial,Orthopedics,2026-06-07,24,0-30,1,6904.02,0.6148,0.8886,0.1354,0.4724,4244.89,3261.13,2608.9
316,CLM-001491,Medicaid,Medicaid,Surgery,2026-05-17,45,31-60,2,4938.9,0.4102,0.963,0.1141,0.3499,2025.9,1728.35,2592.52
317,CLM-020607,Molina Healthcare,Medicaid Managed Care,Surgery,2026-06-10,21,0-30,1,11104.5,0.435,0.9607,0.2035,0.3329,4830.32,3696.39,2587.48
318,CLM-022652,UnitedHealthcare,Commercial,Imaging,2025-12-17,196,120+,5,752.65,0.713,0.8876,0.1687,0.5261,536.62,395.96,2586.94
319,CLM-005031,UnitedHealthcare,Commercial,Emergency Department,2026-04-23,69,61-90,3,2157.65,0.6821,0.8882,0.1411,0.5203,1471.71,1122.69,2582.18
320,CLM-008712,Humana Medicare Advantage,Medicare Advantage,Surgery,2026-05-30,32,31-60,2,6203.5,0.5031,0.9081,0.1465,0.3899,3120.83,2418.83,2580.09
321,CLM-018112,UnitedHealthcare,Commercial,Cardiology,2026-06-15,16,0-30,1,10467.13,0.6402,0.8926,0.1924,0.4615,6700.6,4830.55,2576.29
322,CLM-016061,Molina Healthcare,Medicaid Managed Care,Cardiology,2026-06-16,15,0-30,1,14146.01,0.4642,0.9572,0.183,0.3631,6567.1,5135.9,2567.95
323,CLM-012313,Medicare,Medicare,Orthopedics,2026-06-10,21,0-30,1,9191.98,0.474,0.91,0.0748,0.3991,4357.02,3668.31,2567.82
324,CLM-007446,Medicaid,Medicaid,Behavioral Health,2025-06-22,374,120+,5,531.38,0.4685,0.963,0.1453,0.3856,248.97,204.92,2554.66
325,CLM-011019,Medicare,Medicare,Orthopedics,2026-05-19,43,31-60,2,4461.79,0.474,0.91,0.0748,0.3991,2114.9,1780.6,2552.19
326,CLM-005336,Medicare,Medicare,Orthopedics,2026-06-18,13,0-30,1,14744.41,0.474,0.91,0.0748,0.3991,6988.88,5884.16,2549.8
327,CLM-027441,Aetna,Commercial,Imaging,2026-01-29,153,120+,5,910.92,0.7234,0.8925,0.1502,0.5486,658.91,499.74,2548.66
328,CLM-021325,Humana Medicare Advantage,Medicare Advantage,Oncology,2026-05-23,39,31-60,2,5014.07,0.5111,0.9071,0.1642,0.3875,2562.61,1942.9,2525.77
329,CLM-004074,Medicare,Medicare,Orthopedics,2026-02-05,146,120+,5,1300.12,0.474,0.91,0.0748,0.3991,616.26,518.85,2525.06
330,CLM-020336,UnitedHealthcare,Commercial,Surgery,2026-06-10,21,0-30,1,7871.14,0.5926,0.8867,0.1342,0.455,4664.68,3581.17,2506.82
331,CLM-001673,Medicare,Medicare,Surgery,2026-05-20,42,31-60,2,4636.03,0.4551,0.9122,0.0734,0.3847,2109.94,1783.5,2496.9
332,CLM-015464,Medicaid,Medicaid,Cardiology,2026-03-08,115,91-120,4,1727.32,0.4424,0.9619,0.1187,0.375,764.09,647.78,2483.15
333,CLM-012883,Aetna,Commercial,Cardiology,2026-05-29,33,31-60,2,4363.53,0.6486,0.8922,0.1064,0.5171,2830.15,2256.31,2481.94
334,CLM-004861,Molina Healthcare,Medicaid Managed Care,Surgery,2026-06-01,30,0-30,1,7447.66,0.435,0.9607,0.2035,0.3329,3239.64,2479.13,2479.13
335,CLM-020397,Blue Cross Blue Shield,Commercial,OB/GYN,2026-05-30,32,31-60,2,4457.9,0.6819,0.8872,0.1398,0.5204,3039.84,2319.87,2474.53
336,CLM-008680,Molina Healthcare,Medicaid Managed Care,Imaging,2026-04-29,63,61-90,3,2882.02,0.5146,0.958,0.1713,0.4085,1483.09,1177.43,2472.6
337,CLM-003426,Blue Cross Blue Shield,Commercial,Surgery,2026-06-15,16,0-30,1,11197.79,0.546,0.8931,0.1518,0.4137,6114.49,4632.05,2470.43
338,CLM-003676,Aetna,Commercial,Surgery,2026-05-07,55,31-60,2,2842.44,0.6037,0.8928,0.121,0.4738,1716.06,1346.66,2468.88
339,CLM-027106,Cigna,Commercial,Laboratory,2024-07-22,709,120+,5,180.55,0.7266,0.8894,0.1068,0.5772,131.19,104.22,2463.01
340,CLM-020761,Medicare,Medicare,Orthopedics,2026-05-23,39,31-60,2,4742.55,0.474,0.91,0.0748,0.3991,2247.98,1892.65,2460.44
341,CLM-015521,Cigna,Commercial,Orthopedics,2026-05-12,50,31-60,2,3204.82,0.6083,0.8909,0.1567,0.457,1949.6,1464.67,2441.11
342,CLM-020330,Blue Cross Blue Shield,Commercial,Orthopedics,2026-06-17,14,0-30,1,10165.11,0.6432,0.8953,0.1078,0.5138,6537.83,5222.48,2437.16
343,CLM-026472,Medicare,Medicare,Orthopedics,2026-06-01,30,0-30,1,6090.38,0.474,0.91,0.0748,0.3991,2886.85,2430.53,2430.53
344,CLM-026344,Humana Medicare Advantage,Medicare Advantage,Cardiology,2026-06-09,22,0-30,1,8056.15,0.5408,0.908,0.1628,0.4112,4356.98,3312.31,2429.03
345,CLM-000815,Humana Medicare Advantage,Medicare Advantage,OB/GYN,2026-05-23,39,31-60,2,4355.4,0.5515,0.9074,0.1513,0.4247,2402.16,1849.8,2404.74
346,CLM-011700,Aetna,Commercial,Imaging,2026-05-10,52,31-60,2,2519.44,0.7234,0.8925,0.1502,0.5486,1822.44,1382.19,2395.79
347,CLM-000573,Self-Pay,Self-Pay,Surgery,2026-06-05,26,0-30,1,15279.14,0.9131,0.2059,0.0449,0.1796,13951.94,2743.98,2378.12
348,CLM-005075,Medicare,Medicare,Emergency Department,2026-04-20,72,61-90,3,2212.49,0.5275,0.9108,0.0683,0.4477,1167.16,990.46,2377.11
349,CLM-006208,State Workers' Compensation,Workers' Comp,Oncology,2026-06-01,30,0-30,1,3877.97,0.7934,0.9736,0.2065,0.6129,3076.75,2376.89,2376.89
350,CLM-007224,Medicaid,Medicaid,Emergency Department,2026-04-23,69,61-90,3,2688.91,0.4726,0.9636,0.1567,0.384,1270.79,1032.67,2375.15
351,CLM-004774,Blue Cross Blue Shield,Commercial,OB/GYN,2026-04-18,74,61-90,3,1847.07,0.6819,0.8872,0.1398,0.5204,1259.52,961.21,2370.98
352,CLM-021749,Cigna,Commercial,Imaging,2025-02-22,494,120+,5,291.42,0.7012,0.8886,0.2119,0.4911,204.34,143.1,2356.45
353,CLM-024872,TRICARE,Military,Imaging,2026-04-15,77,61-90,3,1568.41,0.6292,0.9646,0.037,0.5844,986.81,916.65,2352.73
354,CLM-023569,UnitedHealthcare,Commercial,Imaging,2025-05-31,396,120+,5,336.86,0.713,0.8876,0.1687,0.5261,240.17,177.22,2339.28
355,CLM-000487,Molina Healthcare,Medicaid Managed Care,Cardiology,2026-06-20,11,0-30,1,17497.98,0.4642,0.9572,0.183,0.3631,8123.21,6352.88,2329.39
356,CLM-006973,Medicare,Medicare,Cardiology,2026-06-13,18,0-30,1,9325.75,0.4928,0.9102,0.0733,0.4157,4595.72,3876.5,2325.9
357,CLM-000904,UnitedHealthcare,Commercial,Orthopedics,2026-06-21,10,0-30,1,14746.92,0.6148,0.8886,0.1354,0.4724,9067.04,6965.74,2321.91
358,CLM-008165,Self-Pay,Self-Pay,Cardiology,2026-05-15,47,31-60,2,7754.09,0.9768,0.2011,0.0279,0.191,7574.27,1480.66,2319.7
359,CLM-027088,Medicaid,Medicaid,Orthopedics,2026-06-12,19,0-30,1,10386.32,0.427,0.9623,0.1511,0.3488,4434.44,3622.62,2294.33
360,CLM-014325,Cigna,Commercial,Oncology,2026-05-31,31,31-60,2,4850.8,0.5991,0.8897,0.142,0.4573,2906.31,2218.41,2292.35
361,CLM-017885,Self-Pay,Self-Pay,Cardiology,2026-05-15,47,31-60,2,7651.48,0.9768,0.2011,0.0279,0.191,7474.04,1461.06,2289.0
362,CLM-016463,Molina Healthcare,Medicaid Managed Care,Orthopedics,2026-06-04,27,0-30,1,7977.04,0.4483,0.9572,0.2571,0.3188,3576.35,2543.0,2288.7
363,CLM-029850,Medicare,Medicare,Emergency Department,2026-05-03,59,31-60,2,2589.96,0.5275,0.9108,0.0683,0.4477,1366.29,1159.44,2280.24
364,CLM-008492,Medicare,Medicare,Cardiology,2026-06-15,16,0-30,1,10277.1,0.4928,0.9102,0.0733,0.4157,5064.55,4271.95,2278.37
365,CLM-026096,Self-Pay,Self-Pay,Surgery,2026-04-22,70,61-90,3,5429.52,0.9131,0.2059,0.0449,0.1796,4957.89,975.09,2275.2
366,CLM-017837,Humana Medicare Advantage,Medicare Advantage,Cardiology,2026-06-02,29,0-30,1,5707.26,0.5408,0.908,0.1628,0.4112,3086.64,2346.56,2268.34
367,CLM-006529,Cigna,Commercial,Imaging,2026-05-09,53,31-60,2,2614.36,0.7012,0.8886,0.2119,0.4911,1833.17,1283.8,2268.06
368,CLM-025521,Self-Pay,Self-Pay,Primary Care,2024-10-27,612,120+,5,562.71,0.9877,0.2035,0.0199,0.197,555.77,110.87,2261.76
369,CLM-007714,Medicare,Medicare,Imaging,2026-02-28,123,120+,5,1204.61,0.5519,0.9095,0.088,0.4578,664.87,551.51,2261.18
370,CLM-018464,Medicaid,Medicaid,Cardiology,2026-06-07,24,0-30,1,7533.32,0.4424,0.9619,0.1187,0.375,3332.39,2825.14,2260.11
371,CLM-011893,Humana Medicare Advantage,Medicare Advantage,Cardiology,2026-06-06,25,0-30,1,6580.51,0.5408,0.908,0.1628,0.4112,3558.91,2705.6,2254.66
372,CLM-014144,Medicaid,Medicaid,Imaging,2026-04-07,85,61-90,3,1957.59,0.4932,0.9622,0.1437,0.4063,965.43,795.41,2253.68
373,CLM-023173,Humana Medicare Advantage,Medicare Advantage,Emergency Department,2026-04-25,67,61-90,3,2285.6,0.5773,0.906,0.1694,0.4344,1319.43,992.9,2217.47
374,CLM-024317,Molina Healthcare,Medicaid Managed Care,Oncology,2026-06-10,21,0-30,1,8968.35,0.44,0.9559,0.1655,0.351,3946.3,3147.87,2203.51
375,CLM-013324,TRICARE,Military,Primary Care,2026-03-03,120,91-120,4,1016.58,0.6186,0.9637,0.094,0.5402,628.89,549.11,2196.43
376,CLM-004520,Aetna,Commercial,Oncology,2026-06-21,10,0-30,1,13313.14,0.6145,0.8929,0.1063,0.4904,8181.29,6528.74,2176.25
377,CLM-018252,Humana Medicare Advantage,Medicare Advantage,Orthopedics,2026-06-12,19,0-30,1,8678.49,0.5212,0.9087,0.1667,0.3947,4523.05,3425.26,2169.33
378,CLM-020553,UnitedHealthcare,Commercial,Laboratory,2025-03-15,473,120+,5,238.35,0.7392,0.8893,0.1223,0.577,176.19,137.52,2168.26
379,CLM-018332,Medicare,Medicare,Imaging,2026-04-24,68,61-90,3,2082.33,0.5519,0.9095,0.088,0.4578,1149.31,953.35,2160.94
380,CLM-007036,Medicare,Medicare,Oncology,2026-06-06,25,0-30,1,6657.21,0.4637,0.9074,0.0783,0.3878,3086.7,2581.78,2151.48
381,CLM-027547,Humana Medicare Advantage,Medicare Advantage,OB/GYN,2026-05-24,38,31-60,2,3983.78,0.5515,0.9074,0.1513,0.4247,2197.2,1691.97,2143.16
382,CLM-001552,Medicaid,Medicaid,Imaging,2026-04-01,91,91-120,4,1719.83,0.4932,0.9622,0.1437,0.4063,848.17,698.81,2119.72
383,CLM-027628,Medicaid,Medicaid,Oncology,2026-05-30,32,31-60,2,5594.24,0.4189,0.9628,0.1232,0.3536,2343.47,1978.29,2110.18
384,CLM-020379,Blue Cross Blue Shield,Commercial,Cardiology,2026-06-17,14,0-30,1,8661.64,0.668,0.8959,0.1323,0.5193,5785.95,4498.06,2099.09
385,CLM-017366,Medicare,Medicare,OB/GYN,2026-05-28,34,31-60,2,4246.16,0.5041,0.9072,0.0511,0.4339,2140.5,1842.58,2088.26
386,CLM-002703,Medicare,Medicare,Emergency Department,2026-04-23,69,61-90,3,2023.45,0.5275,0.9108,0.0683,0.4477,1067.44,905.84,2083.42
387,CLM-015712,Humana Medicare Advantage,Medicare Advantage,Cardiology,2026-06-23,8,0-30,1,18959.26,0.5408,0.908,0.1628,0.4112,10253.67,7795.16,2078.71
388,CLM-011041,Humana Medicare Advantage,Medicare Advantage,OB/GYN,2026-05-17,45,31-60,2,3258.72,0.5515,0.9074,0.1513,0.4247,1797.3,1384.02,2076.03
389,CLM-009198,Molina Healthcare,Medicaid Managed Care,Oncology,2026-05-09,53,31-60,2,3336.91,0.44,0.9559,0.1655,0.351,1468.33,1171.25,2069.2
390,CLM-021659,Medicare,Medicare,Imaging,2026-02-28,123,120+,5,1092.49,0.5519,0.9095,0.088,0.4578,602.98,500.18,2050.72
391,CLM-015502,Aetna,Commercial,Oncology,2026-06-12,19,0-30,1,6598.84,0.6145,0.8929,0.1063,0.4904,4055.17,3236.06,2049.5
392,CLM-006725,Humana Medicare Advantage,Medicare Advantage,Surgery,2026-05-29,33,31-60,2,4748.75,0.5031,0.9081,0.1465,0.3899,2388.98,1851.6,2036.77
393,CLM-010024,UnitedHealthcare,Commercial,Imaging,2026-04-19,73,61-90,3,1586.76,0.713,0.8876,0.1687,0.5261,1131.31,834.78,2031.29
394,CLM-001352,Humana Medicare Advantage,Medicare Advantage,Primary Care,2025-05-15,412,120+,5,305.43,0.5927,0.9071,0.0994,0.4842,181.02,147.88,2030.94
395,CLM-002924,Medicaid,Medicaid,Orthopedics,2026-06-19,12,0-30,1,14510.23,0.427,0.9623,0.1511,0.3488,6195.15,5060.99,2024.4
396,CLM-010744,Medicare,Medicare,Cardiology,2026-05-29,33,31-60,2,4402.35,0.4928,0.9102,0.0733,0.4157,2169.47,1829.95,2012.95
397,CLM-004254,Medicare,Medicare,Surgery,2026-06-11,20,0-30,1,7811.05,0.4551,0.9122,0.0734,0.3847,3554.94,3004.95,2003.3
398,CLM-016043,Medicare,Medicare,Imaging,2026-04-02,90,61-90,3,1455.62,0.5519,0.9095,0.088,0.4578,803.41,666.43,1999.28
399,CLM-022106,Humana Medicare Advantage,Medicare Advantage,Cardiology,2026-06-10,21,0-30,1,6907.11,0.5408,0.908,0.1628,0.4112,3735.55,2839.88,1987.92
400,CLM-012258,Medicaid,Medicaid,Emergency Department,2026-01-14,168,120+,5,917.27,0.4726,0.9636,0.1567,0.384,433.51,352.28,1972.75
401,CLM-008557,Cigna,Commercial,Orthopedics,2026-06-08,23,0-30,1,5621.16,0.6083,0.8909,0.1567,0.457,3419.54,2568.98,1969.55
402,CLM-019636,Blue Cross Blue Shield,Commercial,Oncology,2026-06-03,28,0-30,1,4341.38,0.633,0.8934,0.1553,0.4776,2748.03,2073.64,1935.4
403,CLM-018573,Blue Cross Blue Shield,Commercial,Surgery,2026-06-19,12,0-30,1,11625.11,0.546,0.8931,0.1518,0.4137,6347.82,4808.81,1923.52
404,CLM-023246,Medicare,Medicare,Cardiology,2026-06-17,14,0-30,1,9905.26,0.4928,0.9102,0.0733,0.4157,4881.3,4117.38,1921.45
405,CLM-003151,Blue Cross Blue Shield,Commercial,Behavioral Health,2026-02-21,130,120+,5,784.74,0.7059,0.8944,0.111,0.5612,553.91,440.42,1908.51
406,CLM-008945,UnitedHealthcare,Commercial,Emergency Department,2026-04-03,89,61-90,3,1235.92,0.6821,0.8882,0.1411,0.5203,843.01,643.08,1907.82
407,CLM-019318,Blue Cross Blue Shield,Commercial,Cardiology,2026-05-11,51,31-60,2,2149.47,0.668,0.8959,0.1323,0.5193,1435.84,1116.24,1897.6
408,CLM-028925,Medicare,Medicare,Surgery,2026-06-04,27,0-30,1,5431.06,0.4551,0.9122,0.0734,0.3847,2471.77,2089.36,1880.42
409,CLM-017998,Aetna,Commercial,Orthopedics,2026-06-14,17,0-30,1,6871.69,0.626,0.8939,0.1374,0.4827,4301.54,3316.85,1879.55
410,CLM-027862,Medicare,Medicare,Oncology,2026-06-05,26,0-30,1,5584.0,0.4637,0.9074,0.0783,0.3878,2589.09,2165.57,1876.83
411,CLM-022052,Aetna,Commercial,OB/GYN,2026-05-10,52,31-60,2,2112.67,0.6629,0.8913,0.1465,0.5043,1400.55,1065.4,1846.69
412,CLM-003559,Molina Healthcare,Medicaid Managed Care,Imaging,2024-09-29,640,120+,5,210.94,0.5146,0.958,0.1713,0.4085,108.55,86.18,1838.46
413,CLM-016504,Cigna,Commercial,Imaging,2026-05-31,31,31-60,2,3617.95,0.7012,0.8886,0.2119,0.4911,2536.88,1776.63,1835.85
414,CLM-003855,Medicare,Medicare,Emergency Department,2026-05-23,39,31-60,2,3135.71,0.5275,0.9108,0.0683,0.4477,1654.19,1403.76,1824.89
415,CLM-010015,Cigna,Commercial,Imaging,2026-04-15,77,61-90,3,1442.09,0.7012,0.8886,0.2119,0.4911,1011.18,708.15,1817.59
416,CLM-028231,Humana Medicare Advantage,Medicare Advantage,Oncology,2026-05-30,32,31-60,2,4384.93,0.5111,0.9071,0.1642,0.3875,2241.07,1699.11,1812.39
417,CLM-003344,Cigna,Commercial,Imaging,2026-02-19,132,120+,5,836.18,0.7012,0.8886,0.2119,0.4911,586.32,410.61,1806.7
418,CLM-011300,Cigna,Commercial,Oncology,2026-06-20,11,0-30,1,10773.08,0.5991,0.8897,0.142,0.4573,6454.59,4926.83,1806.5
419,CLM-002560,Medicare,Medicare,Oncology,2026-06-04,27,0-30,1,5173.52,0.4637,0.9074,0.0783,0.3878,2398.77,2006.38,1805.74
420,CLM-010791,Aetna,Commercial,Imaging,2026-04-20,72,61-90,3,1370.36,0.7234,0.8925,0.1502,0.5486,991.25,751.79,1804.3
421,CLM-016508,Cigna,Commercial,OB/GYN,2026-06-01,30,0-30,1,3622.73,0.6427,0.8919,0.1475,0.4887,2328.46,1770.36,1770.36
422,CLM-000622,Medicare,Medicare,OB/GYN,2026-06-03,28,0-30,1,4351.02,0.5041,0.9072,0.0511,0.4339,2193.36,1888.08,1762.21
423,CLM-022056,Medicare,Medicare,Oncology,2026-06-16,15,0-30,1,9069.76,0.4637,0.9074,0.0783,0.3878,4205.31,3517.4,1758.7
424,CLM-024420,Humana Medicare Advantage,Medicare Advantage,OB/GYN,2026-05-23,39,31-60,2,3166.99,0.5515,0.9074,0.1513,0.4247,1746.71,1345.06,1748.58
425,CLM-013374,Blue Cross Blue Shield,Commercial,Cardiology,2026-06-22,9,0-30,1,11080.85,0.668,0.8959,0.1323,0.5193,7401.98,5754.37,1726.31
426,CLM-022745,UnitedHealthcare,Commercial,Imaging,2026-04-19,73,61-90,3,1348.49,0.713,0.8876,0.1687,0.5261,961.43,709.43,1726.27
427,CLM-003802,UnitedHealthcare,Commercial,Emergency Department,2026-01-10,172,120+,5,575.34,0.6821,0.8882,0.1411,0.5203,392.43,299.37,1716.36
428,CLM-002092,Humana Medicare Advantage,Medicare Advantage,Primary Care,2025-08-06,329,120+,5,322.64,0.5927,0.9071,0.0994,0.4842,191.22,156.22,1713.17
429,CLM-023799,Humana Medicare Advantage,Medicare Advantage,OB/GYN,2026-05-28,34,31-60,2,3554.28,0.5515,0.9074,0.1513,0.4247,1960.31,1509.55,1710.83
430,CLM-014001,Humana Medicare Advantage,Medicare Advantage,Oncology,2026-06-18,13,0-30,1,10150.81,0.5111,0.9071,0.1642,0.3875,5187.92,3933.33,1704.44
431,CLM-000451,Medicare,Medicare,Primary Care,2026-01-07,175,120+,5,632.52,0.5401,0.911,0.0628,0.4612,341.65,291.7,1701.59
432,CLM-007196,Medicare,Medicare,Cardiology,2026-05-27,35,31-60,2,3503.27,0.4928,0.9102,0.0733,0.4157,1726.41,1456.23,1698.93
433,CLM-006556,Medicaid,Medicaid,Surgery,2026-06-13,18,0-30,1,8045.13,0.4102,0.963,0.1141,0.3499,3300.04,2815.36,1689.22
434,CLM-025861,Blue Cross Blue Shield,Commercial,Oncology,2026-06-14,17,0-30,1,6217.04,0.633,0.8934,0.1553,0.4776,3935.29,2969.54,1682.74
435,CLM-026801,Medicaid,Medicaid,Surgery,2026-06-07,24,0-30,1,5990.14,0.4102,0.963,0.1141,0.3499,2457.11,2096.23,1676.98
436,CLM-008676,UnitedHealthcare,Commercial,Surgery,2026-06-09,22,0-30,1,5025.31,0.5926,0.8867,0.1342,0.455,2978.16,2286.39,1676.68
437,CLM-021449,Medicare,Medicare,Imaging,2026-03-24,99,91-120,4,1107.92,0.5519,0.9095,0.088,0.4578,611.5,507.24,1673.89
438,CLM-008596,Blue Cross Blue Shield,Commercial,Emergency Department,2026-05-26,36,31-60,2,2491.81,0.7136,0.8926,0.1226,0.5589,1778.13,1392.56,1671.08
439,CLM-015775,Blue Cross Blue Shield,Commercial,Primary Care,2026-02-13,138,120+,5,620.63,0.7321,0.8927,0.1047,0.5852,454.36,363.17,1670.58
440,CLM-012732,Humana Medicare Advantage,Medicare Advantage,Orthopedics,2026-05-21,41,31-60,2,3082.82,0.5212,0.9087,0.1667,0.3947,1606.7,1216.74,1662.88
441,CLM-019023,Humana Medicare Advantage,Medicare Advantage,Imaging,2026-05-10,52,31-60,2,2131.15,0.6027,0.9091,0.1795,0.4496,1284.53,958.15,1660.8
442,CLM-016712,Humana Medicare Advantage,Medicare Advantage,Oncology,2026-05-29,33,31-60,2,3836.87,0.5111,0.9071,0.1642,0.3875,1960.97,1486.75,1635.42
443,CLM-015259,Humana Medicare Advantage,Medicare Advantage,Surgery,2026-06-11,20,0-30,1,6266.33,0.5031,0.9081,0.1465,0.3899,3152.44,2443.33,1628.89
444,CLM-023937,Medicare,Medicare,Cardiology,2026-05-29,33,31-60,2,3548.45,0.4928,0.9102,0.0733,0.4157,1748.67,1475.01,1622.51
445,CLM-002206,Self-Pay,Self-Pay,Primary Care,2024-11-06,602,120+,5,410.28,0.9877,0.2035,0.0199,0.197,405.22,80.84,1622.14
446,CLM-005189,Aetna,Commercial,Primary Care,2024-10-04,635,120+,5,134.18,0.7107,0.8917,0.1021,0.569,95.36,76.35,1616.15
447,CLM-011620,Medicare,Medicare,Emergency Department,2026-04-29,63,61-90,3,1711.01,0.5275,0.9108,0.0683,0.4477,902.61,765.97,1608.53
448,CLM-016423,Medicaid,Medicaid,OB/GYN,2026-04-26,66,61-90,3,1928.21,0.4528,0.9615,0.1322,0.3778,873.13,728.48,1602.66
449,CLM-015735,Cigna,Commercial,Orthopedics,2026-06-04,27,0-30,1,3887.81,0.6083,0.8909,0.1567,0.457,2365.08,1776.81,1599.12
450,CLM-002089,Blue Cross Blue Shield,Commercial,Orthopedics,2026-06-26,5,0-30,1,18474.41,0.6432,0.8953,0.1078,0.5138,11882.07,9491.5,1581.92
451,CLM-020181,Cigna,Commercial,Imaging,2026-04-05,87,61-90,3,1109.49,0.7012,0.8886,0.2119,0.4911,777.96,544.82,1579.99
452,CLM-022646,Humana Medicare Advantage,Medicare Advantage,Primary Care,2026-04-07,85,61-90,3,1147.68,0.5927,0.9071,0.0994,0.4842,680.19,555.69,1574.44
453,CLM-003487,Molina Healthcare,Medicaid Managed Care,Oncology,2026-06-17,14,0-30,1,9604.99,0.44,0.9559,0.1655,0.351,4226.44,3371.33,1573.29
454,CLM-012629,Medicare,Medicare,Imaging,2026-04-11,81,61-90,3,1268.92,0.5519,0.9095,0.088,0.4578,700.36,580.95,1568.57
455,CLM-017534,Humana Medicare Advantage,Medicare Advantage,Imaging,2026-05-31,31,31-60,2,3367.61,0.6027,0.9091,0.1795,0.4496,2029.8,1514.06,1564.53
456,CLM-025868,Medicaid,Medicaid,OB/GYN,2026-05-26,36,31-60,2,3437.38,0.4528,0.9615,0.1322,0.3778,1556.51,1298.65,1558.38
457,CLM-020371,UnitedHealthcare,Commercial,Imaging,2026-05-16,46,31-60,2,1921.81,0.713,0.8876,0.1687,0.5261,1370.2,1011.04,1550.27
458,CLM-000663,Molina Healthcare,Medicaid Managed Care,Orthopedics,2026-06-16,15,0-30,1,9706.24,0.4483,0.9572,0.2571,0.3188,4351.61,3094.26,1547.13
459,CLM-010496,Blue Cross Blue Shield,Commercial,Surgery,2026-06-20,11,0-30,1,10174.0,0.546,0.8931,0.1518,0.4137,5555.45,4208.55,1543.13
460,CLM-017810,Humana Medicare Advantage,Medicare Advantage,Orthopedics,2026-06-20,11,0-30,1,10653.52,0.5212,0.9087,0.1667,0.3947,5552.39,4204.78,1541.75
461,CLM-003888,Aetna,Commercial,Primary Care,2025-10-12,262,120+,5,305.51,0.7107,0.8917,0.1021,0.569,217.12,173.85,1518.27
462,CLM-012401,Medicare,Medicare,Imaging,2026-05-18,44,31-60,2,2257.72,0.5519,0.9095,0.088,0.4578,1246.11,1033.65,1516.02
463,CLM-003197,Aetna,Commercial,Laboratory,2026-02-06,145,120+,5,508.19,0.7492,0.8943,0.0813,0.6155,380.75,312.81,1511.89
464,CLM-022984,UnitedHealthcare,Commercial,Emergency Department,2026-05-28,34,31-60,2,2562.02,0.6821,0.8882,0.1411,0.5203,1747.52,1333.09,1510.84
465,CLM-018959,Cigna,Commercial,OB/GYN,2026-06-04,27,0-30,1,3434.04,0.6427,0.8919,0.1475,0.4887,2207.18,1678.15,1510.34
466,CLM-004259,Medicare,Medicare,Surgery,2026-06-15,16,0-30,1,7345.67,0.4551,0.9122,0.0734,0.3847,3343.14,2825.92,1507.15
467,CLM-010331,Medicaid,Medicaid,Surgery,2026-06-11,20,0-30,1,6400.69,0.4102,0.963,0.1141,0.3499,2625.51,2239.9,1493.26
468,CLM-001207,Humana Medicare Advantage,Medicare Advantage,Orthopedics,2026-06-19,12,0-30,1,9437.16,0.5212,0.9087,0.1667,0.3947,4918.45,3724.7,1489.88
469,CLM-002751,Blue Cross Blue Shield,Commercial,Orthopedics,2026-05-27,35,31-60,2,2470.61,0.6432,0.8953,0.1078,0.5138,1589.01,1269.31,1480.86
470,CLM-011778,Medicaid,Medicaid,Oncology,2026-06-16,15,0-30,1,8365.52,0.4189,0.9628,0.1232,0.3536,3504.38,2958.3,1479.15
471,CLM-007556,Cigna,Commercial,Oncology,2026-06-04,27,0-30,1,3588.83,0.5991,0.8897,0.142,0.4573,2150.21,1641.27,1477.15
472,CLM-016988,Blue Cross Blue Shield,Commercial,Imaging,2026-05-19,43,31-60,2,1801.83,0.7463,0.8925,0.1448,0.5697,1344.78,1026.47,1471.27
473,CLM-023360,Medicare,Medicare,Laboratory,2025-09-30,274,120+,5,333.02,0.571,0.9097,0.0722,0.4819,190.15,160.49,1465.77
474,CLM-004229,Medicare,Medicare,Imaging,2026-03-18,105,91-120,4,914.22,0.5519,0.9095,0.088,0.4578,504.59,418.56,1464.95
475,CLM-026893,UnitedHealthcare,Commercial,Emergency Department,2026-06-13,18,0-30,1,4682.79,0.6821,0.8882,0.1411,0.5203,3194.08,2436.59,1461.95
476,CLM-015603,Cigna,Commercial,Cardiology,2026-06-19,12,0-30,1,7689.29,0.6311,0.8941,0.162,0.4729,4852.48,3636.03,1454.41
477,CLM-000263,Humana Medicare Advantage,Medicare Advantage,Emergency Department,2026-04-22,70,61-90,3,1430.27,0.5773,0.906,0.1694,0.4344,825.66,621.33,1449.77
478,CLM-016290,Medicare,Medicare,OB/GYN,2026-04-04,88,61-90,3,1137.56,0.5041,0.9072,0.0511,0.4339,573.45,493.63,1447.99
479,CLM-029154,Aetna,Commercial,Cardiology,2026-05-31,31,31-60,2,2689.45,0.6486,0.8922,0.1064,0.5171,1744.36,1390.67,1437.03
480,CLM-018059,UnitedHealthcare,Commercial,Surgery,2026-06-15,16,0-30,1,5909.25,0.5926,0.8867,0.1342,0.455,3502.01,2688.56,1433.9
481,CLM-002897,Molina Healthcare,Medicaid Managed Care,Surgery,2026-06-09,22,0-30,1,5860.39,0.435,0.9607,0.2035,0.3329,2549.2,1950.77,1430.56
482,CLM-015167,State Workers' Compensation,Workers' Comp,OB/GYN,2026-06-07,24,0-30,1,2544.79,0.8277,0.9687,0.1238,0.7024,2106.24,1787.56,1430.05
483,CLM-029252,Blue Cross Blue Shield,Commercial,Emergency Department,2026-05-23,39,31-60,2,1954.92,0.7136,0.8926,0.1226,0.5589,1395.01,1092.52,1420.28
484,CLM-025813,Medicare,Medicare,Orthopedics,2026-06-25,6,0-30,1,17634.13,0.474,0.91,0.0748,0.3991,8358.62,7037.39,1407.48
485,CLM-002262,Self-Pay,Self-Pay,Cardiology,2026-06-07,24,0-30,1,9094.52,0.9768,0.2011,0.0279,0.191,8883.61,1736.61,1389.29
486,CLM-007488,Medicare,Medicare,Emergency Department,2026-05-31,31,31-60,2,2997.1,0.5275,0.9108,0.0683,0.4477,1581.07,1341.71,1386.43
487,CLM-019769,Blue Cross Blue Shield,Commercial,OB/GYN,2026-05-15,47,31-60,2,1696.53,0.6819,0.8872,0.1398,0.5204,1156.86,882.87,1383.16
488,CLM-025570,Cigna,Commercial,Emergency Department,2026-05-28,34,31-60,2,2375.56,0.6704,0.8882,0.1375,0.5136,1592.54,1219.99,1382.65
489,CLM-002674,UnitedHealthcare,Commercial,Imaging,2026-06-12,19,0-30,1,4112.04,0.713,0.8876,0.1687,0.5261,2931.77,2163.3,1370.09
490,CLM-019932,Medicare,Medicare,Primary Care,2025-09-20,284,120+,5,312.21,0.5401,0.911,0.0628,0.4612,168.64,143.98,1363.04
491,CLM-023698,Self-Pay,Self-Pay,Oncology,2026-06-18,13,0-30,1,17834.35,0.9312,0.1982,0.048,0.1757,16607.01,3132.97,1357.62
492,CLM-012741,Humana Medicare Advantage,Medicare Advantage,Cardiology,2026-04-05,87,61-90,3,1137.72,0.5408,0.908,0.1628,0.4112,615.31,467.78,1356.55
493,CLM-023542,Molina Healthcare,Medicaid Managed Care,Imaging,2026-05-22,40,31-60,2,2468.42,0.5146,0.958,0.1713,0.4085,1270.25,1008.45,1344.61
494,CLM-004252,Cigna,Commercial,Imaging,2026-05-23,39,31-60,2,2103.56,0.7012,0.8886,0.2119,0.4911,1475.0,1032.97,1342.86
495,CLM-022703,Medicare,Medicare,Emergency Department,2026-05-18,44,31-60,2,2039.98,0.5275,0.9108,0.0683,0.4477,1076.16,913.24,1339.41
496,CLM-001806,Medicare,Medicare,Emergency Department,2026-05-18,44,31-60,2,2035.58,0.5275,0.9108,0.0683,0.4477,1073.83,911.27,1336.52
497,CLM-029297,Medicare,Medicare,Surgery,2026-06-08,23,0-30,1,4502.48,0.4551,0.9122,0.0734,0.3847,2049.15,1732.13,1327.96
498,CLM-027992,UnitedHealthcare,Commercial,Emergency Department,2026-06-17,14,0-30,1,5468.81,0.6821,0.8882,0.1411,0.5203,3730.21,2845.58,1327.94
499,CLM-028817,Humana Medicare Advantage,Medicare Advantage,Emergency Department,2026-04-19,73,61-90,3,1253.12,0.5773,0.906,0.1694,0.4344,723.4,544.37,1324.64
500,CLM-002004,Medicare,Medicare,Imaging,2026-05-11,51,31-60,2,1699.14,0.5519,0.9095,0.088,0.4578,937.81,777.92,1322.46
501,CLM-014809,Medicaid,Medicaid,Cardiology,2026-05-24,38,31-60,2,2776.43,0.4424,0.9619,0.1187,0.375,1228.16,1041.21,1318.87
502,CLM-016766,Humana Medicare Advantage,Medicare Advantage,Laboratory,2026-01-26,156,120+,5,509.95,0.6244,0.9083,0.1259,0.4958,318.42,252.81,1314.62
503,CLM-000212,Humana Medicare Advantage,Medicare Advantage,Primary Care,2026-02-13,138,120+,5,590.09,0.5927,0.9071,0.0994,0.4842,349.72,285.71,1314.27
504,CLM-001652,Blue Cross Blue Shield,Commercial,Imaging,2026-05-19,43,31-60,2,1595.67,0.7463,0.8925,0.1448,0.5697,1190.91,909.02,1302.93
505,CLM-020183,Medicaid,Medicaid,Laboratory,2025-06-19,377,120+,5,240.56,0.5115,0.9624,0.1253,0.4306,123.06,103.59,1301.84
506,CLM-016116,Cigna,Commercial,Imaging,2026-03-11,112,91-120,4,709.1,0.7012,0.8886,0.2119,0.4911,497.21,348.21,1299.98
507,CLM-026313,Blue Cross Blue Shield,Commercial,Imaging,2026-05-10,52,31-60,2,1314.19,0.7463,0.8925,0.1448,0.5697,980.83,748.67,1297.69
508,CLM-011042,Humana Medicare Advantage,Medicare Advantage,Cardiology,2026-06-20,11,0-30,1,8594.2,0.5408,0.908,0.1628,0.4112,4647.97,3533.53,1295.63
509,CLM-014537,Medicare,Medicare,Emergency Department,2026-05-27,35,31-60,2,2472.84,0.5275,0.9108,0.0683,0.4477,1304.5,1107.01,1291.52
510,CLM-024847,Cigna,Commercial,Imaging,2026-04-24,68,61-90,3,1158.57,0.7012,0.8886,0.2119,0.4911,812.38,568.93,1289.57
511,CLM-018667,Cigna,Commercial,Laboratory,2025-06-10,386,120+,5,172.36,0.7266,0.8894,0.1068,0.5772,125.24,99.49,1280.1
512,CLM-020089,Humana Medicare Advantage,Medicare Advantage,OB/GYN,2026-04-25,67,61-90,3,1349.55,0.5515,0.9074,0.1513,0.4247,744.33,573.17,1280.09
513,CLM-027294,Blue Cross Blue Shield,Commercial,Oncology,2026-04-04,88,61-90,3,908.5,0.633,0.8934,0.1553,0.4776,575.07,433.94,1272.89
514,CLM-004453,Medicaid,Medicaid,Imaging,2026-05-25,37,31-60,2,2536.71,0.4932,0.9622,0.1437,0.4063,1251.04,1030.73,1271.23
515,CLM-004507,Cigna,Commercial,Imaging,2026-05-01,61,61-90,3,1272.64,0.7012,0.8886,0.2119,0.4911,892.36,624.94,1270.71
516,CLM-012332,Humana Medicare Advantage,Medicare Advantage,Cardiology,2026-06-18,13,0-30,1,7125.54,0.5408,0.908,0.1628,0.4112,3853.68,2929.69,1269.53
517,CLM-021085,Humana Medicare Advantage,Medicare Advantage,Surgery,2026-06-19,12,0-30,1,8138.29,0.5031,0.9081,0.1465,0.3899,4094.18,3173.23,1269.29
518,CLM-027814,Cigna,Commercial,Emergency Department,2026-06-06,25,0-30,1,2958.46,0.6704,0.8882,0.1375,0.5136,1983.31,1519.34,1266.12
519,CLM-021397,Humana Medicare Advantage,Medicare Advantage,Imaging,2026-05-21,41,31-60,2,2055.26,0.6027,0.9091,0.1795,0.4496,1238.79,924.03,1262.85
520,CLM-005822,TRICARE,Military,Laboratory,2025-11-06,237,120+,5,292.75,0.6515,0.9656,0.1376,0.5425,190.72,158.82,1254.65
521,CLM-005629,Humana Medicare Advantage,Medicare Advantage,Orthopedics,2026-06-18,13,0-30,1,7328.14,0.5212,0.9087,0.1667,0.3947,3819.27,2892.3,1253.33
522,CLM-027986,Humana Medicare Advantage,Medicare Advantage,Cardiology,2026-06-11,20,0-30,1,4530.94,0.5408,0.908,0.1628,0.4112,2450.45,1862.91,1241.94
523,CLM-001128,UnitedHealthcare,Commercial,Orthopedics,2026-06-25,6,0-30,1,13107.81,0.6148,0.8886,0.1354,0.4724,8059.25,6191.5,1238.3
524,CLM-016629,Medicaid,Medicaid,Imaging,2026-05-14,48,31-60,2,1898.26,0.4932,0.9622,0.1437,0.4063,936.17,771.31,1234.09
525,CLM-018969,Aetna,Commercial,Laboratory,2026-03-04,119,91-120,4,502.7,0.7492,0.8943,0.0813,0.6155,376.63,309.43,1227.39
526,CLM-007029,Medicaid,Medicaid,Orthopedics,2026-06-18,13,0-30,1,8087.53,0.427,0.9623,0.1511,0.3488,3452.97,2820.83,1222.36
527,CLM-017693,Cigna,Commercial,Imaging,2026-05-11,51,31-60,2,1457.46,0.7012,0.8886,0.2119,0.4911,1021.96,715.7,1216.69
528,CLM-028590,Medicare,Medicare,Imaging,2026-05-23,39,31-60,2,2042.97,0.5519,0.9095,0.088,0.4578,1127.59,935.33,1215.93
529,CLM-008604,Humana Medicare Advantage,Medicare Advantage,Orthopedics,2026-06-08,23,0-30,1,3998.17,0.5212,0.9087,0.1667,0.3947,2083.76,1578.01,1209.81
530,CLM-028692,Medicaid,Medicaid,Surgery,2026-06-03,28,0-30,1,3692.92,0.4102,0.963,0.1141,0.3499,1514.8,1292.32,1206.17
531,CLM-009853,Medicare,Medicare,Imaging,2026-04-29,63,61-90,3,1253.12,0.5519,0.9095,0.088,0.4578,691.64,573.72,1204.81
532,CLM-021980,UnitedHealthcare,Commercial,Emergency Department,2026-06-02,29,0-30,1,2371.65,0.6821,0.8882,0.1411,0.5203,1617.68,1234.04,1192.9
533,CLM-028982,Medicaid,Medicaid,Emergency Department,2026-05-22,40,31-60,2,2323.77,0.4726,0.9636,0.1567,0.384,1098.23,892.44,1189.92
534,CLM-014394,Aetna,Commercial,Surgery,2026-06-23,8,0-30,1,9404.04,0.6037,0.8928,0.121,0.4738,5677.48,4455.35,1188.09
535,CLM-004458,Aetna,Commercial,Imaging,2026-04-10,82,61-90,3,788.37,0.7234,0.8925,0.1502,0.5486,570.27,432.51,1182.18
536,CLM-028711,Blue Cross Blue Shield,Commercial,Emergency Department,2026-04-21,71,61-90,3,890.97,0.7136,0.8926,0.1226,0.5589,635.79,497.92,1178.42
537,CLM-021961,Molina Healthcare,Medicaid Managed Care,Oncology,2026-06-13,18,0-30,1,5573.78,0.44,0.9559,0.1655,0.351,2452.61,1956.38,1173.83
538,CLM-019070,Aetna,Commercial,Orthopedics,2026-06-25,6,0-30,1,12133.22,0.626,0.8939,0.1374,0.4827,7595.16,5856.51,1171.3
539,CLM-015700,Molina Healthcare,Medicaid Managed Care,Surgery,2026-06-26,5,0-30,1,21076.5,0.435,0.9607,0.2035,0.3329,9168.03,7015.81,1169.3
540,CLM-018425,Humana Medicare Advantage,Medicare Advantage,OB/GYN,2026-05-22,40,31-60,2,2049.74,0.5515,0.9074,0.1513,0.4247,1130.51,870.55,1160.74
541,CLM-008639,Medicare,Medicare,Emergency Department,2026-05-13,49,31-60,2,1579.66,0.5275,0.9108,0.0683,0.4477,833.32,707.16,1155.04
542,CLM-019118,Humana Medicare Advantage,Medicare Advantage,Cardiology,2026-06-13,18,0-30,1,4583.45,0.5408,0.908,0.1628,0.4112,2478.85,1884.5,1130.7
543,CLM-002833,UnitedHealthcare,Commercial,Emergency Department,2026-05-22,40,31-60,2,1629.6,0.6821,0.8882,0.1411,0.5203,1111.53,847.93,1130.57
544,CLM-005550,Medicaid,Medicaid,Orthopedics,2026-06-08,23,0-30,1,4216.28,0.427,0.9623,0.1511,0.3488,1800.14,1470.59,1127.45
545,CLM-028073,Medicare,Medicare,Laboratory,2025-10-09,265,120+,5,263.99,0.571,0.9097,0.0722,0.4819,150.74,127.22,1123.77
546,CLM-004568,Medicaid,Medicaid,Laboratory,2025-11-19,224,120+,5,349.16,0.5115,0.9624,0.1253,0.4306,178.61,150.36,1122.71
547,CLM-021569,Aetna,Commercial,Imaging,2026-05-11,51,31-60,2,1200.84,0.7234,0.8925,0.1502,0.5486,868.63,658.79,1119.94
548,CLM-013943,Aetna,Commercial,Emergency Department,2026-06-12,19,0-30,1,3284.38,0.6916,0.8933,0.1305,0.5372,2271.32,1764.23,1117.34
549,CLM-011051,Aetna,Commercial,Orthopedics,2026-06-17,14,0-30,1,4958.12,0.626,0.8939,0.1374,0.4827,3103.69,2393.2,1116.83
550,CLM-013876,Aetna,Commercial,Imaging,2026-06-02,29,0-30,1,2105.03,0.7234,0.8925,0.1502,0.5486,1522.67,1154.84,1116.34
551,CLM-001094,Blue Cross Blue Shield,Commercial,Emergency Department,2026-05-05,57,31-60,2,1048.07,0.7136,0.8926,0.1226,0.5589,747.89,585.72,1112.87
552,CLM-021676,Humana Medicare Advantage,Medicare Advantage,Orthopedics,2026-06-17,14,0-30,1,6020.92,0.5212,0.9087,0.1667,0.3947,3137.98,2376.36,1108.97
553,CLM-022346,Medicare,Medicare,Cardiology,2026-06-12,19,0-30,1,4211.15,0.4928,0.9102,0.0733,0.4157,2075.25,1750.48,1108.64
554,CLM-022373,Medicare,Medicare,Laboratory,2026-01-21,161,120+,5,428.31,0.571,0.9097,0.0722,0.4819,244.56,206.41,1107.72
555,CLM-026769,Medicaid,Medicaid,Emergency Department,2026-05-18,44,31-60,2,1965.97,0.4726,0.9636,0.1567,0.384,929.13,755.03,1107.37
556,CLM-019977,Aetna,Commercial,Primary Care,2026-01-27,155,120+,5,370.84,0.7107,0.8917,0.1021,0.569,263.55,211.02,1090.28
557,CLM-018219,Cigna,Commercial,Oncology,2026-06-07,24,0-30,1,2947.92,0.5991,0.8897,0.142,0.4573,1766.22,1348.17,1078.53
558,CLM-013977,Medicare,Medicare,Primary Care,2026-01-03,179,120+,5,391.45,0.5401,0.911,0.0628,0.4612,211.44,180.53,1077.14
559,CLM-022049,UnitedHealthcare,Commercial,Imaging,2026-06-05,26,0-30,1,2359.33,0.713,0.8876,0.1687,0.5261,1682.13,1241.22,1075.72
560,CLM-023071,Medicaid,Medicaid,Imaging,2026-05-08,54,31-60,2,1451.57,0.4932,0.9622,0.1437,0.4063,715.88,589.81,1061.65
561,CLM-010247,Medicare,Medicare,Emergency Department,2026-05-17,45,31-60,2,1579.41,0.5275,0.9108,0.0683,0.4477,833.19,707.05,1060.58
562,CLM-027389,TRICARE,Military,OB/GYN,2026-06-02,29,0-30,1,2104.69,0.5897,0.9701,0.0918,0.5196,1241.23,1093.51,1057.06
563,CLM-000485,Blue Cross Blue Shield,Commercial,Imaging,2026-04-28,64,61-90,3,869.18,0.7463,0.8925,0.1448,0.5697,648.7,495.15,1056.33
564,CLM-022869,Blue Cross Blue Shield,Commercial,Emergency Department,2026-05-31,31,31-60,2,1823.67,0.7136,0.8926,0.1226,0.5589,1301.35,1019.17,1053.14
565,CLM-001790,Aetna,Commercial,Cardiology,2026-06-22,9,0-30,1,6779.81,0.6486,0.8922,0.1064,0.5171,4397.33,3505.73,1051.72
566,CLM-009574,Humana Medicare Advantage,Medicare Advantage,Imaging,2026-05-23,39,31-60,2,1798.19,0.6027,0.9091,0.1795,0.4496,1083.85,808.46,1050.99
567,CLM-005798,Molina Healthcare,Medicaid Managed Care,Cardiology,2026-06-15,16,0-30,1,5420.09,0.4642,0.9572,0.183,0.3631,2516.21,1967.84,1049.51
568,CLM-029465,Humana Medicare Advantage,Medicare Advantage,Emergency Department,2026-03-17,106,91-120,4,682.32,0.5773,0.906,0.1694,0.4344,393.89,296.41,1047.31
569,CLM-020647,Blue Cross Blue Shield,Commercial,Primary Care,2026-01-30,152,120+,5,352.32,0.7321,0.8927,0.1047,0.5852,257.93,206.16,1044.57
570,CLM-011774,Aetna,Commercial,Oncology,2026-06-18,13,0-30,1,4909.63,0.6145,0.8929,0.1063,0.4904,3017.1,2407.67,1043.33
571,CLM-027464,UnitedHealthcare,Commercial,Emergency Department,2026-06-11,20,0-30,1,3007.58,0.6821,0.8882,0.1411,0.5203,2051.44,1564.93,1043.29
572,CLM-019526,UnitedHealthcare,Commercial,Surgery,2026-06-17,14,0-30,1,4913.65,0.5926,0.8867,0.1342,0.455,2911.98,2235.58,1043.27
573,CLM-027417,Cigna,Commercial,Imaging,2026-05-13,49,31-60,2,1285.97,0.7012,0.8886,0.2119,0.4911,901.71,631.49,1031.43
574,CLM-006433,Medicare,Medicare,Emergency Department,2026-04-30,62,61-90,3,1108.52,0.5275,0.9108,0.0683,0.4477,584.78,496.25,1025.58
575,CLM-005891,Medicare,Medicare,Cardiology,2026-06-16,15,0-30,1,4912.4,0.4928,0.9102,0.0733,0.4157,2420.83,2041.97,1020.98
576,CLM-006778,Blue Cross Blue Shield,Commercial,Emergency Department,2026-06-11,20,0-30,1,2732.03,0.7136,0.8926,0.1226,0.5589,1949.55,1526.81,1017.88
577,CLM-010251,Blue Cross Blue Shield,Commercial,Emergency Department,2026-05-31,31,31-60,2,1750.54,0.7136,0.8926,0.1226,0.5589,1249.17,978.3,1010.91
578,CLM-021996,Medicare,Medicare,Emergency Department,2026-06-16,15,0-30,1,4493.16,0.5275,0.9108,0.0683,0.4477,2370.29,2011.45,1005.72
579,CLM-026486,UnitedHealthcare,Commercial,Primary Care,2026-01-25,157,120+,5,346.84,0.7003,0.8908,0.1119,0.554,242.9,192.15,1005.6
580,CLM-012232,Humana Medicare Advantage,Medicare Advantage,Imaging,2026-05-19,43,31-60,2,1557.67,0.6027,0.9091,0.1795,0.4496,938.87,700.32,1003.79
581,CLM-000414,Medicaid,Medicaid,Oncology,2026-06-15,16,0-30,1,5295.94,0.4189,0.9628,0.1232,0.3536,2218.51,1872.8,998.83
582,CLM-019280,Medicare,Medicare,Cardiology,2026-06-25,6,0-30,1,11930.46,0.4928,0.9102,0.0733,0.4157,5879.32,4959.21,991.84
583,CLM-005748,TRICARE,Military,Imaging,2026-05-07,55,31-60,2,924.65,0.6292,0.9646,0.037,0.5844,581.77,540.41,990.74
584,CLM-006351,Humana Medicare Advantage,Medicare Advantage,Cardiology,2026-06-21,10,0-30,1,7218.08,0.5408,0.908,0.1628,0.4112,3903.73,2967.73,989.24
585,CLM-015069,Cigna,Commercial,Emergency Department,2026-06-05,26,0-30,1,2208.27,0.6704,0.8882,0.1375,0.5136,1480.39,1134.08,982.87
586,CLM-020320,Medicare,Medicare,Orthopedics,2026-06-18,13,0-30,1,5675.05,0.474,0.91,0.0748,0.3991,2689.99,2264.79,981.41
587,CLM-006110,Molina Healthcare,Medicaid Managed Care,Surgery,2026-06-05,26,0-30,1,3386.26,0.435,0.9607,0.2035,0.3329,1472.98,1127.2,976.9
588,CLM-020368,Cigna,Commercial,Surgery,2026-06-25,6,0-30,1,11091.25,0.5886,0.8884,0.1583,0.4401,6527.99,4881.41,976.28
589,CLM-010508,Humana Medicare Advantage,Medicare Advantage,Laboratory,2026-01-23,159,120+,5,371.35,0.6244,0.9083,0.1259,0.4958,231.88,184.1,975.73
590,CLM-013700,Aetna,Commercial,Laboratory,2026-02-17,134,120+,5,354.32,0.7492,0.8943,0.0813,0.6155,265.46,218.09,974.15
591,CLM-011338,Medicare,Medicare,Behavioral Health,2026-03-16,107,91-120,4,616.78,0.5254,0.907,0.0745,0.441,324.04,272.01,970.18
592,CLM-027089,Aetna,Commercial,OB/GYN,2026-06-08,23,0-30,1,2504.36,0.6629,0.8913,0.1465,0.5043,1660.21,1262.92,968.24
593,CLM-004793,Medicare,Medicare,Imaging,2026-05-21,41,31-60,2,1534.94,0.5519,0.9095,0.088,0.4578,847.19,702.74,960.41
594,CLM-024493,Humana Medicare Advantage,Medicare Advantage,Primary Care,2026-01-07,175,120+,5,338.79,0.5927,0.9071,0.0994,0.4842,200.79,164.04,956.88
595,CLM-001073,Humana Medicare Advantage,Medicare Advantage,Emergency Department,2026-06-11,20,0-30,1,3289.24,0.5773,0.906,0.1694,0.4344,1898.81,1428.89,952.6
596,CLM-021284,Medicare,Medicare,Laboratory,2026-03-21,102,91-120,4,580.93,0.571,0.9097,0.0722,0.4819,331.7,279.96,951.85
597,CLM-023385,UnitedHealthcare,Commercial,Oncology,2026-06-18,13,0-30,1,5243.0,0.5511,0.8913,0.1473,0.4189,2889.63,2196.16,951.67
598,CLM-020711,Blue Cross Blue Shield,Commercial,Emergency Department,2026-05-03,59,31-60,2,865.29,0.7136,0.8926,0.1226,0.5589,617.46,483.57,951.03
599,CLM-009900,Blue Cross Blue Shield,Commercial,OB/GYN,2026-06-21,10,0-30,1,5464.06,0.6819,0.8872,0.1398,0.5204,3725.94,2843.47,947.82
600,CLM-027117,UnitedHealthcare,Commercial,Behavioral Health,2026-02-14,137,120+,5,410.41,0.6751,0.8889,0.1573,0.5057,277.08,207.54,947.76
601,CLM-001473,Medicare,Medicare,Cardiology,2026-06-20,11,0-30,1,6209.25,0.4928,0.9102,0.0733,0.4157,3059.91,2581.04,946.38
602,CLM-004574,Aetna,Commercial,Surgery,2026-06-27,4,0-30,1,14906.1,0.6037,0.8928,0.121,0.4738,8999.23,7062.07,941.61
603,CLM-021761,Medicare,Medicare,Cardiology,2026-06-22,9,0-30,1,7526.84,0.4928,0.9102,0.0733,0.4157,3709.22,3128.73,938.62
604,CLM-017806,Medicaid,Medicaid,Emergency Department,2026-05-28,34,31-60,2,2144.71,0.4726,0.9636,0.1567,0.384,1013.6,823.67,933.5
605,CLM-003753,Molina Healthcare,Medicaid Managed Care,Imaging,2026-06-10,21,0-30,1,3260.59,0.5146,0.958,0.1713,0.4085,1677.9,1332.09,932.46
606,CLM-014970,Medicare,Medicare,Oncology,2026-06-22,9,0-30,1,7989.03,0.4637,0.9074,0.0783,0.3878,3704.22,3098.28,929.48
607,CLM-000405,Aetna,Commercial,Emergency Department,2026-05-29,33,31-60,2,1569.13,0.6916,0.8933,0.1305,0.5372,1085.14,842.87,927.16
608,CLM-028450,Humana Medicare Advantage,Medicare Advantage,Primary Care,2026-03-09,114,91-120,4,497.19,0.5927,0.9071,0.0994,0.4842,294.67,240.73,914.78
609,CLM-020365,Blue Cross Blue Shield,Commercial,Imaging,2026-05-24,38,31-60,2,1267.08,0.7463,0.8925,0.1448,0.5697,945.67,721.83,914.32
610,CLM-000224,Cigna,Commercial,Emergency Department,2026-05-13,49,31-60,2,1089.28,0.6704,0.8882,0.1375,0.5136,730.24,559.41,913.7
611,CLM-016415,TRICARE,Military,Emergency Department,2026-06-17,14,0-30,1,3577.04,0.6081,0.9661,0.0703,0.5462,2175.22,1953.7,911.73
612,CLM-016459,Medicare,Medicare,OB/GYN,2026-05-08,54,31-60,2,1163.99,0.5041,0.9072,0.0511,0.4339,586.77,505.1,909.18
613,CLM-015609,Medicare,Medicare,Imaging,2026-05-10,52,31-60,2,1142.73,0.5519,0.9095,0.088,0.4578,630.71,523.18,906.84
614,CLM-015941,Molina Healthcare,Medicaid Managed Care,Imaging,2026-05-24,38,31-60,2,1751.56,0.5146,0.958,0.1713,0.4085,901.36,715.59,906.41
615,CLM-008655,Cigna,Commercial,Orthopedics,2026-06-12,19,0-30,1,3118.16,0.6083,0.8909,0.1567,0.457,1896.88,1425.06,902.54
616,CLM-013039,Medicaid,Medicaid,Laboratory,2026-01-27,155,120+,5,405.24,0.5115,0.9624,0.1253,0.4306,207.3,174.51,901.65
617,CLM-028125,Aetna,Commercial,Surgery,2026-06-26,5,0-30,1,11281.89,0.6037,0.8928,0.121,0.4738,6811.19,5345.02,890.84
618,CLM-024338,Medicaid,Medicaid,OB/GYN,2026-06-19,12,0-30,1,5891.19,0.4528,0.9615,0.1322,0.3778,2667.64,2225.7,890.28
619,CLM-028017,Self-Pay,Self-Pay,Oncology,2026-05-22,40,31-60,2,3788.3,0.9312,0.1982,0.048,0.1757,3527.59,665.49,887.32
620,CLM-020764,UnitedHealthcare,Commercial,Cardiology,2026-06-14,17,0-30,1,3342.22,0.6402,0.8926,0.1924,0.4615,2139.54,1542.43,874.04
621,CLM-003942,Aetna,Commercial,Imaging,2026-05-20,42,31-60,2,1137.3,0.7234,0.8925,0.1502,0.5486,822.67,623.93,873.5
622,CLM-016511,Humana Medicare Advantage,Medicare Advantage,Emergency Department,2026-05-22,40,31-60,2,1507.31,0.5773,0.906,0.1694,0.4344,870.14,654.8,873.06
623,CLM-029747,Self-Pay,Self-Pay,Orthopedics,2026-06-03,28,0-30,1,5359.03,0.9426,0.1928,0.0415,0.1742,5051.16,933.67,871.43
624,CLM-024947,Molina Healthcare,Medicaid Managed Care,Orthopedics,2026-06-25,6,0-30,1,13598.24,0.4483,0.9572,0.2571,0.3188,6096.51,4334.99,867.0
625,CLM-026401,UnitedHealthcare,Commercial,Cardiology,2026-06-22,9,0-30,1,6189.01,0.6402,0.8926,0.1924,0.4615,3961.93,2856.21,856.86
626,CLM-007058,Aetna,Commercial,Orthopedics,2026-04-03,89,61-90,3,591.0,0.626,0.8939,0.1374,0.4827,369.95,285.27,846.29
627,CLM-013223,Medicaid,Medicaid,Primary Care,2026-03-18,105,91-120,4,586.43,0.4852,0.963,0.1179,0.4122,284.54,241.71,845.99
628,CLM-009719,Cigna,Commercial,Orthopedics,2026-06-26,5,0-30,1,11060.63,0.6083,0.8909,0.1567,0.457,6728.54,5054.92,842.49
629,CLM-027728,Molina Healthcare,Medicaid Managed Care,Oncology,2026-06-20,11,0-30,1,6506.37,0.44,0.9559,0.1655,0.351,2862.97,2283.72,837.36
630,CLM-014020,Humana Medicare Advantage,Medicare Advantage,Cardiology,2026-06-23,8,0-30,1,7633.67,0.5408,0.908,0.1628,0.4112,4128.49,3138.61,836.96
631,CLM-018060,Medicare,Medicare,Emergency Department,2026-06-19,12,0-30,1,4667.25,0.5275,0.9108,0.0683,0.4477,2462.13,2089.38,835.75
632,CLM-028054,Self-Pay,Self-Pay,Cardiology,2026-05-20,42,31-60,2,3099.54,0.9768,0.2011,0.0279,0.191,3027.66,591.86,828.61
633,CLM-020679,Medicaid,Medicaid,Emergency Department,2026-06-05,26,0-30,1,2477.31,0.4726,0.9636,0.1567,0.384,1170.79,951.41,824.55
634,CLM-002195,Medicare,Medicare,Cardiology,2026-06-23,8,0-30,1,7422.77,0.4928,0.9102,0.0733,0.4157,3657.94,3085.47,822.79
635,CLM-012451,Humana Medicare Advantage,Medicare Advantage,Emergency Department,2026-06-01,30,0-30,1,1889.91,0.5773,0.906,0.1694,0.4344,1091.01,821.0,821.0
636,CLM-013578,UnitedHealthcare,Commercial,Cardiology,2026-06-14,17,0-30,1,3129.82,0.6402,0.8926,0.1924,0.4615,2003.57,1444.4,818.5
637,CLM-002828,Medicaid,Medicaid,Laboratory,2025-10-09,265,120+,5,214.93,0.5115,0.9624,0.1253,0.4306,109.95,92.56,817.59
638,CLM-006509,Medicaid,Medicaid,Emergency Department,2026-06-03,28,0-30,1,2278.13,0.4726,0.9636,0.1567,0.384,1076.66,874.91,816.58
639,CLM-017400,Blue Cross Blue Shield,Commercial,Imaging,2026-05-28,34,31-60,2,1260.48,0.7463,0.8925,0.1448,0.5697,940.75,718.07,813.81
640,CLM-028050,Aetna,Commercial,Surgery,2026-06-22,9,0-30,1,5703.01,0.6037,0.8928,0.121,0.4738,3443.07,2701.92,810.57
641,CLM-000759,UnitedHealthcare,Commercial,Laboratory,2026-04-10,82,61-90,3,512.31,0.7392,0.8893,0.1223,0.577,378.7,295.59,807.94
642,CLM-026275,Medicare,Medicare,Surgery,2026-06-18,13,0-30,1,4826.36,0.4551,0.9122,0.0734,0.3847,2196.56,1856.72,804.58
643,CLM-013809,Medicare,Medicare,Orthopedics,2026-06-18,13,0-30,1,4640.12,0.474,0.91,0.0748,0.3991,2199.43,1851.77,802.43
644,CLM-008471,State Workers' Compensation,Workers' Comp,OB/GYN,2026-06-18,13,0-30,1,2628.42,0.8277,0.9687,0.1238,0.7024,2175.46,1846.3,800.07
645,CLM-029964,Medicare,Medicare,Emergency Department,2026-06-04,27,0-30,1,1973.79,0.5275,0.9108,0.0683,0.4477,1041.24,883.6,795.24
646,CLM-001446,Medicare,Medicare,Emergency Department,2026-05-15,47,31-60,2,1129.11,0.5275,0.9108,0.0683,0.4477,595.64,505.47,791.9
647,CLM-011796,Humana Medicare Advantage,Medicare Advantage,Emergency Department,2026-05-28,34,31-60,2,1608.32,0.5773,0.906,0.1694,0.4344,928.45,698.68,791.83
648,CLM-015124,Medicaid,Medicaid,Emergency Department,2026-05-14,48,31-60,2,1274.85,0.4726,0.9636,0.1567,0.384,602.5,489.6,783.37
649,CLM-004569,UnitedHealthcare,Commercial,Emergency Department,2026-06-02,29,0-30,1,1555.63,0.6821,0.8882,0.1411,0.5203,1061.08,809.44,782.46
650,CLM-017783,UnitedHealthcare,Commercial,Imaging,2026-04-30,62,61-90,3,717.99,0.713,0.8876,0.1687,0.5261,511.91,377.73,780.64
651,CLM-003819,Humana Medicare Advantage,Medicare Advantage,Behavioral Health,2026-04-11,81,61-90,3,749.13,0.4768,0.9029,0.1057,0.385,357.19,288.42,778.74
652,CLM-020412,Blue Cross Blue Shield,Commercial,Primary Care,2026-01-31,151,120+,5,263.88,0.7321,0.8927,0.1047,0.5852,193.19,154.41,777.21
653,CLM-017712,Aetna,Commercial,Oncology,2026-06-19,12,0-30,1,3960.67,0.6145,0.8929,0.1063,0.4904,2433.94,1942.31,776.92
654,CLM-018577,Cigna,Commercial,Oncology,2026-06-26,5,0-30,1,10184.06,0.5991,0.8897,0.142,0.4573,6101.69,4657.46,776.24
655,CLM-001002,UnitedHealthcare,Commercial,Imaging,2026-05-24,38,31-60,2,1164.47,0.713,0.8876,0.1687,0.5261,830.23,612.61,775.98
656,CLM-000239,UnitedHealthcare,Commercial,Emergency Department,2026-05-29,33,31-60,2,1351.97,0.6821,0.8882,0.1411,0.5203,922.16,703.47,773.82
657,CLM-007976,Aetna,Commercial,Primary Care,2026-03-02,121,120+,5,334.68,0.7107,0.8917,0.1021,0.569,237.85,190.45,768.13
658,CLM-002497,Aetna,Commercial,Imaging,2026-04-16,76,61-90,3,551.36,0.7234,0.8925,0.1502,0.5486,398.83,302.48,766.28
659,CLM-014057,TRICARE,Military,Imaging,2026-05-30,32,31-60,2,1226.0,0.6292,0.9646,0.037,0.5844,771.37,716.53,764.3
660,CLM-005429,Blue Cross Blue Shield,Commercial,Surgery,2026-06-17,14,0-30,1,3954.19,0.546,0.8931,0.1518,0.4137,2159.16,1635.68,763.32
661,CLM-005632,Medicare,Medicare,Imaging,2026-06-14,17,0-30,1,2939.16,0.5519,0.9095,0.088,0.4578,1622.22,1345.64,762.53
662,CLM-015692,Cigna,Commercial,Emergency Department,2026-06-09,22,0-30,1,2017.03,0.6704,0.8882,0.1375,0.5136,1352.19,1035.86,759.63
663,CLM-015396,Aetna,Commercial,Oncology,2026-06-21,10,0-30,1,4643.05,0.6145,0.8929,0.1063,0.4904,2853.28,2276.94,758.98
664,CLM-020567,Blue Cross Blue Shield,Commercial,Behavioral Health,2026-03-21,102,91-120,4,396.17,0.7059,0.8944,0.111,0.5612,279.64,222.34,755.97
665,CLM-022374,Humana Medicare Advantage,Medicare Advantage,Imaging,2026-05-25,37,31-60,2,1362.49,0.6027,0.9091,0.1795,0.4496,821.23,612.57,755.5
666,CLM-010343,Blue Cross Blue Shield,Commercial,Primary Care,2026-04-08,84,61-90,3,460.29,0.7321,0.8927,0.1047,0.5852,336.98,269.34,754.16
667,CLM-026997,Medicare,Medicare,Imaging,2026-04-08,84,61-90,3,586.97,0.5519,0.9095,0.088,0.4578,323.97,268.73,752.45
668,CLM-029645,Humana Medicare Advantage,Medicare Advantage,Cardiology,2026-06-25,6,0-30,1,9134.97,0.5408,0.908,0.1628,0.4112,4940.43,3755.87,751.17
669,CLM-027491,Aetna,Commercial,Oncology,2026-05-15,47,31-60,2,972.14,0.6145,0.8929,0.1063,0.4904,597.41,476.74,746.89
670,CLM-019351,Molina Healthcare,Medicaid Managed Care,Emergency Department,2026-05-08,54,31-60,2,1061.97,0.4933,0.9566,0.1726,0.3904,523.85,414.62,746.31
671,CLM-012388,UnitedHealthcare,Commercial,Emergency Department,2026-06-13,18,0-30,1,2350.97,0.6821,0.8882,0.1411,0.5203,1603.57,1223.28,733.97
672,CLM-009366,Self-Pay,Self-Pay,Imaging,2026-05-01,61,61-90,3,1912.26,0.9897,0.1954,0.0267,0.1882,1892.65,359.97,731.94
673,CLM-008469,Humana Medicare Advantage,Medicare Advantage,Orthopedics,2026-04-27,65,61-90,3,853.13,0.5212,0.9087,0.1667,0.3947,444.63,336.72,729.55
674,CLM-020760,Molina Healthcare,Medicaid Managed Care,Orthopedics,2026-06-27,4,0-30,1,17081.71,0.4483,0.9572,0.2571,0.3188,7658.26,5445.49,726.06
675,CLM-016475,Aetna,Commercial,Cardiology,2026-06-21,10,0-30,1,4210.03,0.6486,0.8922,0.1064,0.5171,2730.59,2176.94,725.65
676,CLM-028416,Humana Medicare Advantage,Medicare Advantage,Imaging,2026-05-27,35,31-60,2,1383.1,0.6027,0.9091,0.1795,0.4496,833.65,621.83,725.47
677,CLM-025443,Medicaid,Medicaid,Primary Care,2026-03-05,118,91-120,4,446.79,0.4852,0.963,0.1179,0.4122,216.79,184.16,724.34
678,CLM-028916,Self-Pay,Self-Pay,Oncology,2026-06-14,17,0-30,1,7261.74,0.9312,0.1982,0.048,0.1757,6762.0,1275.67,722.88
679,CLM-002600,Medicare,Medicare,Oncology,2026-06-23,8,0-30,1,6960.31,0.4637,0.9074,0.0783,0.3878,3227.24,2699.32,719.82
680,CLM-025402,UnitedHealthcare,Commercial,Laboratory,2026-02-14,137,120+,5,272.45,0.7392,0.8893,0.1223,0.577,201.39,157.2,717.86
681,CLM-005274,UnitedHealthcare,Commercial,Emergency Department,2026-05-24,38,31-60,2,1088.99,0.6821,0.8882,0.1411,0.5203,742.79,566.63,717.73
682,CLM-007730,Medicare,Medicare,Emergency Department,2026-06-04,27,0-30,1,1773.5,0.5275,0.9108,0.0683,0.4477,935.58,793.94,714.55
683,CLM-006623,Medicare,Medicare,Cardiology,2026-06-21,10,0-30,1,5111.99,0.4928,0.9102,0.0733,0.4157,2519.18,2124.93,708.31
684,CLM-020425,Humana Medicare Advantage,Medicare Advantage,Imaging,2026-06-01,30,0-30,1,1564.98,0.6027,0.9091,0.1795,0.4496,943.28,703.61,703.61
685,CLM-026746,UnitedHealthcare,Commercial,Cardiology,2026-06-26,5,0-30,1,9063.95,0.6402,0.8926,0.1924,0.4615,5802.34,4182.99,697.16
686,CLM-018995,Humana Medicare Advantage,Medicare Advantage,Behavioral Health,2026-05-16,46,31-60,2,1174.8,0.4768,0.9029,0.1057,0.385,560.15,452.31,693.54
687,CLM-022121,Humana Medicare Advantage,Medicare Advantage,Behavioral Health,2026-04-29,63,61-90,3,850.04,0.4768,0.9029,0.1057,0.385,405.3,327.27,687.28
688,CLM-008905,Molina Healthcare,Medicaid Managed Care,Surgery,2026-06-27,4,0-30,1,15477.46,0.435,0.9607,0.2035,0.3329,6732.51,5152.04,686.94
689,CLM-016381,Medicare,Medicare,Cardiology,2026-06-24,7,0-30,1,7077.85,0.4928,0.9102,0.0733,0.4157,3487.96,2942.1,686.49
690,CLM-014525,Medicare,Medicare,Emergency Department,2026-05-24,38,31-60,2,1199.55,0.5275,0.9108,0.0683,0.4477,632.8,537.0,680.2
691,CLM-015025,UnitedHealthcare,Commercial,Laboratory,2026-01-30,152,120+,5,232.53,0.7392,0.8893,0.1223,0.577,171.89,134.16,679.76
692,CLM-007398,Medicare,Medicare,Emergency Department,2026-05-18,44,31-60,2,1034.46,0.5275,0.9108,0.0683,0.4477,545.71,463.1,679.21
693,CLM-001551,Medicaid,Medicaid,Cardiology,2026-06-13,18,0-30,1,3012.73,0.4424,0.9619,0.1187,0.375,1332.69,1129.83,677.9
694,CLM-000323,Humana Medicare Advantage,Medicare Advantage,Emergency Department,2026-06-11,20,0-30,1,2340.65,0.5773,0.906,0.1694,0.4344,1351.21,1016.81,677.87
695,CLM-012476,Molina Healthcare,Medicaid Managed Care,Laboratory,2026-03-07,116,91-120,4,403.69,0.5329,0.9578,0.1514,0.4331,215.12,174.85,676.08
696,CLM-019901,Molina Healthcare,Medicaid Managed Care,Imaging,2026-03-23,100,91-120,4,496.18,0.5146,0.958,0.1713,0.4085,255.33,202.71,675.7
697,CLM-015414,Humana Medicare Advantage,Medicare Advantage,Primary Care,2026-04-17,75,61-90,3,554.86,0.5927,0.9071,0.0994,0.4842,328.84,268.65,671.63
698,CLM-014087,Humana Medicare Advantage,Medicare Advantage,Emergency Department,2026-06-04,27,0-30,1,1712.48,0.5773,0.906,0.1694,0.4344,988.58,743.93,669.53
699,CLM-012151,Humana Medicare Advantage,Medicare Advantage,Laboratory,2026-05-01,61,61-90,3,663.33,0.6244,0.9083,0.1259,0.4958,414.19,328.85,668.66
700,CLM-029041,UnitedHealthcare,Commercial,Surgery,2026-06-25,6,0-30,1,7323.23,0.5926,0.8867,0.1342,0.455,4339.97,3331.88,666.38
701,CLM-027345,TRICARE,Military,Cardiology,2026-06-22,9,0-30,1,4223.36,0.5757,0.9648,0.0537,0.5256,2431.22,2219.76,665.93
702,CLM-024418,Medicare,Medicare,Emergency Department,2026-05-21,41,31-60,2,1087.35,0.5275,0.9108,0.0683,0.4477,573.61,486.77,665.26
703,CLM-010807,Cigna,Commercial,Primary Care,2026-05-18,44,31-60,2,819.8,0.6888,0.8904,0.1006,0.5516,564.7,452.22,663.26
704,CLM-021094,Medicaid,Medicaid,Surgery,2026-06-12,19,0-30,1,2989.42,0.4102,0.963,0.1141,0.3499,1226.24,1046.14,662.55
705,CLM-000761,Humana Medicare Advantage,Medicare Advantage,Emergency Department,2026-06-13,18,0-30,1,2541.43,0.5773,0.906,0.1694,0.4344,1467.11,1104.03,662.42
706,CLM-025587,Medicaid,Medicaid,Imaging,2026-04-05,87,61-90,3,562.01,0.4932,0.9622,0.1437,0.4063,277.17,228.36,662.24
707,CLM-004517,TRICARE,Military,Oncology,2026-06-23,8,0-30,1,5019.23,0.556,0.9669,0.0903,0.4891,2790.77,2454.83,654.62
708,CLM-016276,UnitedHealthcare,Commercial,Emergency Department,2026-05-27,35,31-60,2,1076.92,0.6821,0.8882,0.1411,0.5203,734.55,560.35,653.74
709,CLM-012209,Blue Cross Blue Shield,Commercial,Emergency Department,2026-05-22,40,31-60,2,875.36,0.7136,0.8926,0.1226,0.5589,624.65,489.2,652.27
710,CLM-008050,Humana Medicare Advantage,Medicare Advantage,Surgery,2026-06-27,4,0-30,1,12432.32,0.5031,0.9081,0.1465,0.3899,6254.4,4847.54,646.34
711,CLM-002073,Aetna,Commercial,Oncology,2026-06-25,6,0-30,1,6576.78,0.6145,0.8929,0.1063,0.4904,4041.61,3225.24,645.05
712,CLM-017615,UnitedHealthcare,Commercial,Emergency Department,2026-06-15,16,0-30,1,2323.08,0.6821,0.8882,0.1411,0.5203,1584.55,1208.76,644.67
713,CLM-005220,Aetna,Commercial,Imaging,2026-06-17,14,0-30,1,2514.77,0.7234,0.8925,0.1502,0.5486,1819.06,1379.62,643.82
714,CLM-010691,Molina Healthcare,Medicaid Managed Care,Orthopedics,2026-06-21,10,0-30,1,6008.1,0.4483,0.9572,0.2571,0.3188,2693.62,1915.32,638.44
715,CLM-025242,Blue Cross Blue Shield,Commercial,Cardiology,2026-05-31,31,31-60,2,1189.09,0.668,0.8959,0.1323,0.5193,794.31,617.5,638.09
716,CLM-009590,Aetna,Commercial,Oncology,2026-06-20,11,0-30,1,3534.65,0.6145,0.8929,0.1063,0.4904,2172.14,1733.39,635.57
717,CLM-021465,Molina Healthcare,Medicaid Managed Care,Surgery,2026-06-23,8,0-30,1,7154.64,0.435,0.9607,0.2035,0.3329,3112.18,2381.59,635.09
718,CLM-025874,Molina Healthcare,Medicaid Managed Care,Emergency Department,2026-06-06,25,0-30,1,1941.91,0.4933,0.9566,0.1726,0.3904,957.91,758.17,631.81
719,CLM-009918,Blue Cross Blue Shield,Commercial,Cardiology,2026-06-25,6,0-30,1,6074.42,0.668,0.8959,0.1323,0.5193,4057.7,3154.49,630.9
720,CLM-026613,Medicaid,Medicaid,Imaging,2026-05-23,39,31-60,2,1183.8,0.4932,0.9622,0.1437,0.4063,583.82,481.01,625.31
721,CLM-005956,Medicare,Medicare,Laboratory,2026-02-26,125,120+,5,311.31,0.571,0.9097,0.0722,0.4819,177.75,150.02,625.1
722,CLM-008774,Medicaid,Medicaid,Emergency Department,2026-05-27,35,31-60,2,1394.67,0.4726,0.9636,0.1567,0.384,659.13,535.62,624.89
723,CLM-010552,UnitedHealthcare,Commercial,Orthopedics,2026-06-23,8,0-30,1,4944.75,0.6148,0.8886,0.1354,0.4724,3040.25,2335.66,622.84
724,CLM-012930,Blue Cross Blue Shield,Commercial,Cardiology,2026-06-19,12,0-30,1,2991.05,0.668,0.8959,0.1323,0.5193,1998.01,1553.28,621.31
725,CLM-013627,Medicare,Medicare,Imaging,2026-06-06,25,0-30,1,1623.81,0.5519,0.9095,0.088,0.4578,896.24,743.43,619.52
726,CLM-023517,Medicaid,Medicaid,Orthopedics,2026-06-16,15,0-30,1,3549.5,0.427,0.9623,0.1511,0.3488,1515.46,1238.02,619.01
727,CLM-015030,Blue Cross Blue Shield,Commercial,Emergency Department,2026-05-21,41,31-60,2,805.07,0.7136,0.8926,0.1226,0.5589,574.49,449.92,614.89
728,CLM-020230,Cigna,Commercial,Imaging,2026-06-22,9,0-30,1,4168.22,0.7012,0.8886,0.2119,0.4911,2922.72,2046.84,614.05
729,CLM-029406,UnitedHealthcare,Commercial,Primary Care,2026-04-07,85,61-90,3,388.7,0.7003,0.8908,0.1119,0.554,272.22,215.34,610.14
730,CLM-020608,Humana Medicare Advantage,Medicare Advantage,Oncology,2026-06-27,4,0-30,1,11795.14,0.5111,0.9071,0.1642,0.3875,6028.32,4570.49,609.4
731,CLM-009267,Blue Cross Blue Shield,Commercial,Laboratory,2026-04-24,68,61-90,3,441.59,0.7724,0.8932,0.1188,0.6079,341.07,268.46,608.52
732,CLM-021600,Medicare,Medicare,Laboratory,2026-03-09,114,91-120,4,332.08,0.571,0.9097,0.0722,0.4819,189.61,160.03,608.12
733,CLM-019796,UnitedHealthcare,Commercial,Emergency Department,2026-06-15,16,0-30,1,2182.64,0.6821,0.8882,0.1411,0.5203,1488.75,1135.69,605.7
734,CLM-016213,Blue Cross Blue Shield,Commercial,Emergency Department,2026-06-15,16,0-30,1,2026.75,0.7136,0.8926,0.1226,0.5589,1446.27,1132.66,604.09
735,CLM-014080,Humana Medicare Advantage,Medicare Advantage,OB/GYN,2026-06-21,10,0-30,1,4232.67,0.5515,0.9074,0.1513,0.4247,2334.47,1797.67,599.22
736,CLM-004996,Cigna,Commercial,Oncology,2026-06-22,9,0-30,1,4359.42,0.5991,0.8897,0.142,0.4573,2611.91,1993.68,598.11
737,CLM-017513,Humana Medicare Advantage,Medicare Advantage,Cardiology,2026-06-17,14,0-30,1,3104.72,0.5408,0.908,0.1628,0.4112,1679.11,1276.51,595.71
738,CLM-014833,TRICARE,Military,Emergency Department,2026-06-18,13,0-30,1,2500.56,0.6081,0.9661,0.0703,0.5462,1520.6,1365.75,591.83
739,CLM-011242,Humana Medicare Advantage,Medicare Advantage,OB/GYN,2026-05-26,36,31-60,2,1160.23,0.5515,0.9074,0.1513,0.4247,639.91,492.77,591.32
740,CLM-003227,Blue Cross Blue Shield,Commercial,OB/GYN,2026-06-22,9,0-30,1,3783.58,0.6819,0.8872,0.1398,0.5204,2580.02,1968.96,590.69
741,CLM-001713,Molina Healthcare,Medicaid Managed Care,Oncology,2026-06-19,12,0-30,1,4204.75,0.44,0.9559,0.1655,0.351,1850.2,1475.86,590.34
742,CLM-002911,Medicare,Medicare,Emergency Department,2026-06-16,15,0-30,1,2633.58,0.5275,0.9108,0.0683,0.4477,1389.3,1178.97,589.49
743,CLM-019075,TRICARE,Military,Surgery,2026-06-29,2,0-30,1,18691.52,0.5463,0.9624,0.108,0.469,10210.95,8765.65,584.38
744,CLM-026813,Medicaid,Medicaid,Emergency Department,2026-05-21,41,31-60,2,1107.24,0.4726,0.9636,0.1567,0.384,523.29,425.23,581.15
745,CLM-022937,Blue Cross Blue Shield,Commercial,Surgery,2026-06-22,9,0-30,1,4679.99,0.546,0.8931,0.1518,0.4137,2555.48,1935.91,580.77
746,CLM-000778,Medicare,Medicare,Laboratory,2026-01-30,152,120+,5,236.79,0.571,0.9097,0.0722,0.4819,135.2,114.11,578.16
747,CLM-019074,Aetna,Commercial,Laboratory,2026-01-18,164,120+,5,171.53,0.7492,0.8943,0.0813,0.6155,128.51,105.58,577.18
748,CLM-011777,UnitedHealthcare,Commercial,Imaging,2026-06-10,21,0-30,1,1557.14,0.713,0.8876,0.1687,0.5261,1110.2,819.19,573.44
749,CLM-021595,UnitedHealthcare,Commercial,Imaging,2026-05-27,35,31-60,2,931.33,0.713,0.8876,0.1687,0.5261,664.01,489.96,571.62
750,CLM-016376,Molina Healthcare,Medicaid Managed Care,Laboratory,2026-03-18,105,91-120,4,374.1,0.5329,0.9578,0.1514,0.4331,199.35,162.03,567.11
751,CLM-023574,Medicare,Medicare,Surgery,2026-06-28,3,0-30,1,14713.15,0.4551,0.9122,0.0734,0.3847,6696.2,5660.22,566.02
752,CLM-009898,Medicare,Medicare,Imaging,2026-06-17,14,0-30,1,2642.45,0.5519,0.9095,0.088,0.4578,1458.46,1209.79,564.57
753,CLM-015472,Medicaid,Medicaid,Cardiology,2026-06-21,10,0-30,1,4512.85,0.4424,0.9619,0.1187,0.375,1996.27,1692.41,564.14
754,CLM-003571,Blue Cross Blue Shield,Commercial,Laboratory,2026-02-03,148,120+,5,187.81,0.7724,0.8932,0.1188,0.6079,145.06,114.18,563.28
755,CLM-005456,Medicare,Medicare,Imaging,2026-06-16,15,0-30,1,2444.54,0.5519,0.9095,0.088,0.4578,1349.23,1119.19,559.59
756,CLM-008156,Blue Cross Blue Shield,Commercial,Emergency Department,2026-06-18,13,0-30,1,2308.25,0.7136,0.8926,0.1226,0.5589,1647.14,1289.98,558.99
757,CLM-020097,Molina Healthcare,Medicaid Managed Care,Imaging,2026-06-08,23,0-30,1,1784.51,0.5146,0.958,0.1713,0.4085,918.31,729.05,558.94
758,CLM-015635,Molina Healthcare,Medicaid Managed Care,Laboratory,2026-03-04,119,91-120,4,324.33,0.5329,0.9578,0.1514,0.4331,172.83,140.47,557.22
759,CLM-026797,Humana Medicare Advantage,Medicare Advantage,Emergency Department,2026-05-15,47,31-60,2,818.24,0.5773,0.906,0.1694,0.4344,472.35,355.46,556.88
760,CLM-020726,Humana Medicare Advantage,Medicare Advantage,Laboratory,2026-04-02,90,61-90,3,374.06,0.6244,0.9083,0.1259,0.4958,233.57,185.44,556.33
761,CLM-011195,Blue Cross Blue Shield,Commercial,Laboratory,2026-02-22,129,120+,5,211.45,0.7724,0.8932,0.1188,0.6079,163.32,128.55,552.77
762,CLM-008126,UnitedHealthcare,Commercial,Imaging,2026-06-17,14,0-30,1,2251.01,0.713,0.8876,0.1687,0.5261,1604.91,1184.23,552.64
763,CLM-020360,Humana Medicare Advantage,Medicare Advantage,Emergency Department,2026-05-26,36,31-60,2,1058.31,0.5773,0.906,0.1694,0.4344,610.94,459.75,551.69
764,CLM-006686,Blue Cross Blue Shield,Commercial,Oncology,2026-05-29,33,31-60,2,1046.8,0.633,0.8934,0.1553,0.4776,662.61,500.0,550.0
765,CLM-001641,Humana Medicare Advantage,Medicare Advantage,Surgery,2026-06-21,10,0-30,1,4218.8,0.5031,0.9081,0.1465,0.3899,2122.38,1644.97,548.32
766,CLM-012331,Molina Healthcare,Medicaid Managed Care,Emergency Department,2026-05-26,36,31-60,2,1169.45,0.4933,0.9566,0.1726,0.3904,576.87,456.58,547.9
767,CLM-015261,Medicare,Medicare,Primary Care,2026-05-26,36,31-60,2,984.92,0.5401,0.911,0.0628,0.4612,532.0,454.22,545.06
768,CLM-001292,Cigna,Commercial,Primary Care,2026-04-05,87,61-90,3,340.45,0.6888,0.8904,0.1006,0.5516,234.51,187.8,544.62
769,CLM-011140,Humana Medicare Advantage,Medicare Advantage,Emergency Department,2026-06-12,19,0-30,1,1979.42,0.5773,0.906,0.1694,0.4344,1142.68,859.89,544.6
770,CLM-014203,Medicare,Medicare,Orthopedics,2026-06-14,17,0-30,1,2396.72,0.474,0.91,0.0748,0.3991,1136.05,956.48,542.0
771,CLM-028301,Aetna,Commercial,Cardiology,2026-06-22,9,0-30,1,3492.41,0.6486,0.8922,0.1064,0.5171,2265.15,1805.87,541.76
772,CLM-011531,Humana Medicare Advantage,Medicare Advantage,OB/GYN,2026-06-20,11,0-30,1,3471.86,0.5515,0.9074,0.1513,0.4247,1914.86,1474.55,540.67
773,CLM-007180,Medicare,Medicare,OB/GYN,2026-06-18,13,0-30,1,2870.43,0.5041,0.9072,0.0511,0.4339,1446.99,1245.6,539.76
774,CLM-012652,Cigna,Commercial,OB/GYN,2026-06-21,10,0-30,1,3290.73,0.6427,0.8919,0.1475,0.4887,2115.07,1608.12,536.04
775,CLM-024911,Blue Cross Blue Shield,Commercial,Emergency Department,2026-06-13,18,0-30,1,1591.54,0.7136,0.8926,0.1226,0.5589,1135.7,889.44,533.67
776,CLM-024301,UnitedHealthcare,Commercial,Imaging,2026-06-15,16,0-30,1,1896.83,0.713,0.8876,0.1687,0.5261,1352.39,997.9,532.21
777,CLM-011721,Blue Cross Blue Shield,Commercial,Cardiology,2026-06-23,8,0-30,1,3828.05,0.668,0.8959,0.1323,0.5193,2557.13,1987.94,530.12
778,CLM-001379,UnitedHealthcare,Commercial,Laboratory,2026-04-12,80,61-90,3,344.41,0.7392,0.8893,0.1223,0.577,254.59,198.72,529.91
779,CLM-008983,State Workers' Compensation,Workers' Comp,Imaging,2026-06-17,14,0-30,1,1590.98,0.875,0.97,0.1618,0.7114,1392.07,1131.89,528.21
780,CLM-029435,UnitedHealthcare,Commercial,Emergency Department,2026-06-21,10,0-30,1,3033.89,0.6821,0.8882,0.1411,0.5203,2069.38,1578.62,526.21
781,CLM-003046,Molina Healthcare,Medicaid Managed Care,Imaging,2026-05-14,48,31-60,2,802.85,0.5146,0.958,0.1713,0.4085,413.15,328.0,524.8
782,CLM-027745,Humana Medicare Advantage,Medicare Advantage,Emergency Department,2026-06-03,28,0-30,1,1291.85,0.5773,0.906,0.1694,0.4344,745.76,561.2,523.79
783,CLM-006527,Aetna,Commercial,Imaging,2026-06-13,18,0-30,1,1582.4,0.7234,0.8925,0.1502,0.5486,1144.63,868.12,520.87
784,CLM-013021,Blue Cross Blue Shield,Commercial,Cardiology,2026-06-16,15,0-30,1,1990.04,0.668,0.8959,0.1323,0.5193,1329.34,1033.44,516.72
785,CLM-012457,Medicare,Medicare,Oncology,2026-06-26,5,0-30,1,7906.13,0.4637,0.9074,0.0783,0.3878,3665.78,3066.13,511.02
786,CLM-005286,Medicare,Medicare,Oncology,2026-06-22,9,0-30,1,4391.01,0.4637,0.9074,0.0783,0.3878,2035.95,1702.91,510.87
787,CLM-018857,Cigna,Commercial,Emergency Department,2026-06-06,25,0-30,1,1193.14,0.6704,0.8882,0.1375,0.5136,799.86,612.75,510.62
788,CLM-010474,Blue Cross Blue Shield,Commercial,Laboratory,2026-05-18,44,31-60,2,571.68,0.7724,0.8932,0.1188,0.6079,441.55,347.55,509.74
789,CLM-009515,UnitedHealthcare,Commercial,Oncology,2026-06-18,13,0-30,1,2801.65,0.5511,0.8913,0.1473,0.4189,1544.1,1173.54,508.53
790,CLM-020238,Blue Cross Blue Shield,Commercial,Cardiology,2026-06-21,10,0-30,1,2910.08,0.668,0.8959,0.1323,0.5193,1943.93,1511.23,503.74
791,CLM-007765,Humana Medicare Advantage,Medicare Advantage,Primary Care,2026-05-19,43,31-60,2,721.82,0.5927,0.9071,0.0994,0.4842,427.8,349.49,500.94
792,CLM-008274,Medicaid,Medicaid,Emergency Department,2026-05-26,36,31-60,2,1085.46,0.4726,0.9636,0.1567,0.384,512.99,416.87,500.24
793,CLM-024370,Self-Pay,Self-Pay,Surgery,2026-06-17,14,0-30,1,5968.51,0.9131,0.2059,0.0449,0.1796,5450.07,1071.88,500.21
794,CLM-004056,Aetna,Commercial,Primary Care,2026-04-08,84,61-90,3,312.53,0.7107,0.8917,0.1021,0.569,222.11,177.84,497.96
795,CLM-024793,Humana Medicare Advantage,Medicare Advantage,Cardiology,2026-06-28,3,0-30,1,12050.38,0.5408,0.908,0.1628,0.4112,6517.16,4954.55,495.45
796,CLM-008513,Blue Cross Blue Shield,Commercial,Primary Care,2026-04-09,83,61-90,3,305.49,0.7321,0.8927,0.1047,0.5852,223.65,178.76,494.57
797,CLM-027237,Blue Cross Blue Shield,Commercial,Imaging,2026-06-18,13,0-30,1,2001.89,0.7463,0.8925,0.1448,0.5697,1494.09,1140.44,494.19
798,CLM-019887,Blue Cross Blue Shield,Commercial,Imaging,2026-06-14,17,0-30,1,1525.17,0.7463,0.8925,0.1448,0.5697,1138.3,868.86,492.35
799,CLM-010615,UnitedHealthcare,Commercial,Imaging,2026-06-18,13,0-30,1,2151.94,0.713,0.8876,0.1687,0.5261,1534.27,1132.11,490.58
800,CLM-006309,Medicaid,Medicaid,Primary Care,2026-01-16,166,120+,5,214.03,0.4852,0.963,0.1179,0.4122,103.85,88.22,488.14
801,CLM-010040,Humana Medicare Advantage,Medicare Advantage,Surgery,2026-06-25,6,0-30,1,6253.27,0.5031,0.9081,0.1465,0.3899,3145.87,2438.24,487.65
802,CLM-007653,Cigna,Commercial,Oncology,2026-06-24,7,0-30,1,4569.82,0.5991,0.8897,0.142,0.4573,2737.97,2089.91,487.64
803,CLM-023135,Medicaid,Medicaid,Behavioral Health,2026-05-28,34,31-60,2,1109.76,0.4685,0.963,0.1453,0.3856,519.95,427.96,485.03
804,CLM-026293,Cigna,Commercial,Laboratory,2026-02-28,123,120+,5,204.38,0.7266,0.8894,0.1068,0.5772,148.5,117.97,483.69
805,CLM-002380,Aetna,Commercial,Emergency Department,2026-06-17,14,0-30,1,1924.04,0.6916,0.8933,0.1305,0.5372,1330.57,1033.51,482.3
806,CLM-013461,Medicare,Medicare,Primary Care,2026-06-03,28,0-30,1,1120.31,0.5401,0.911,0.0628,0.4612,605.13,516.66,482.21
807,CLM-006878,Molina Healthcare,Medicaid Managed Care,Cardiology,2026-06-26,5,0-30,1,7928.02,0.4642,0.9572,0.183,0.3631,3680.48,2878.37,479.73
808,CLM-025248,Blue Cross Blue Shield,Commercial,Oncology,2026-06-12,19,0-30,1,1579.76,0.633,0.8934,0.1553,0.4776,999.96,754.57,477.89
809,CLM-009970,Humana Medicare Advantage,Medicare Advantage,Behavioral Health,2026-03-29,94,91-120,4,395.25,0.4768,0.9029,0.1057,0.385,188.46,152.18,476.82
810,CLM-004757,Medicaid,Medicaid,OB/GYN,2026-06-17,14,0-30,1,2702.37,0.4528,0.9615,0.1322,0.3778,1223.68,1020.96,476.45
811,CLM-021582,Humana Medicare Advantage,Medicare Advantage,Orthopedics,2026-06-26,5,0-30,1,7236.61,0.5212,0.9087,0.1667,0.3947,3771.57,2856.18,476.03
812,CLM-020964,Medicare,Medicare,Imaging,2026-06-01,30,0-30,1,1037.48,0.5519,0.9095,0.088,0.4578,572.62,474.99,474.99
813,CLM-026149,Medicare,Medicare,Emergency Department,2026-05-28,34,31-60,2,935.97,0.5275,0.9108,0.0683,0.4477,493.75,419.0,474.87
814,CLM-024296,UnitedHealthcare,Commercial,Primary Care,2026-05-12,50,31-60,2,513.55,0.7003,0.8908,0.1119,0.554,359.65,284.51,474.19
815,CLM-017649,Humana Medicare Advantage,Medicare Advantage,Laboratory,2026-04-11,81,61-90,3,353.19,0.6244,0.9083,0.1259,0.4958,220.54,175.1,472.76
816,CLM-001523,Medicare,Medicare,Laboratory,2026-04-10,82,61-90,3,357.68,0.571,0.9097,0.0722,0.4819,204.23,172.37,471.14
817,CLM-011166,Blue Cross Blue Shield,Commercial,Emergency Department,2026-06-13,18,0-30,1,1398.26,0.7136,0.8926,0.1226,0.5589,997.78,781.43,468.86
818,CLM-009047,UnitedHealthcare,Commercial,Surgery,2026-06-26,5,0-30,1,6174.53,0.5926,0.8867,0.1342,0.455,3659.22,2809.25,468.21
819,CLM-015836,Self-Pay,Self-Pay,Imaging,2026-06-03,28,0-30,1,2650.89,0.9897,0.1954,0.0267,0.1882,2623.7,499.02,465.75
820,CLM-010290,TRICARE,Military,Orthopedics,2026-06-22,9,0-30,1,3185.43,0.5591,0.9683,0.1009,0.4868,1781.08,1550.58,465.17
821,CLM-008666,UnitedHealthcare,Commercial,Emergency Department,2026-06-23,8,0-30,1,3344.8,0.6821,0.8882,0.1411,0.5203,2281.45,1740.39,464.11
822,CLM-027376,UnitedHealthcare,Commercial,Surgery,2026-06-25,6,0-30,1,5077.23,0.5926,0.8867,0.1342,0.455,3008.92,2310.01,462.0
823,CLM-000298,Medicare,Medicare,Emergency Department,2026-06-23,8,0-30,1,3842.61,0.5275,0.9108,0.0683,0.4477,2027.1,1720.22,458.72
824,CLM-016751,Medicare,Medicare,Surgery,2026-06-26,5,0-30,1,7145.53,0.4551,0.9122,0.0734,0.3847,3252.05,2748.92,458.15
825,CLM-015297,Cigna,Commercial,Primary Care,2026-04-07,85,61-90,3,292.94,0.6888,0.8904,0.1006,0.5516,201.78,161.59,457.84
826,CLM-006017,Medicare,Medicare,Primary Care,2026-04-05,87,61-90,3,341.72,0.5401,0.911,0.0628,0.4612,184.58,157.59,457.02
827,CLM-019445,Blue Cross Blue Shield,Commercial,Emergency Department,2026-06-22,9,0-30,1,2720.5,0.7136,0.8926,0.1226,0.5589,1941.32,1520.37,456.11
828,CLM-020626,Medicare,Medicare,Emergency Department,2026-06-03,28,0-30,1,1089.68,0.5275,0.9108,0.0683,0.4477,574.84,487.82,455.29
829,CLM-007141,Medicare,Medicare,Imaging,2026-06-15,16,0-30,1,1850.13,0.5519,0.9095,0.088,0.4578,1021.15,847.05,451.76
830,CLM-020837,Blue Cross Blue Shield,Commercial,Orthopedics,2026-06-21,10,0-30,1,2636.56,0.6432,0.8953,0.1078,0.5138,1695.74,1354.57,451.52
831,CLM-000394,Medicare,Medicare,Emergency Department,2026-06-24,7,0-30,1,4319.1,0.5275,0.9108,0.0683,0.4477,2278.47,1933.53,451.16
832,CLM-000828,Medicare,Medicare,Surgery,2026-06-24,7,0-30,1,5018.62,0.4551,0.9122,0.0734,0.3847,2284.06,1930.69,450.49
833,CLM-002017,Molina Healthcare,Medicaid Managed Care,Laboratory,2026-03-28,95,91-120,4,327.99,0.5329,0.9578,0.1514,0.4331,174.78,142.06,449.86
834,CLM-018542,Medicare,Medicare,Imaging,2026-06-01,30,0-30,1,981.67,0.5519,0.9095,0.088,0.4578,541.82,449.44,449.44
835,CLM-014632,Medicare,Medicare,Primary Care,2026-04-09,83,61-90,3,349.02,0.5401,0.911,0.0628,0.4612,188.52,160.96,445.32
836,CLM-013305,Humana Medicare Advantage,Medicare Advantage,Imaging,2026-06-17,14,0-30,1,2118.67,0.6027,0.9091,0.1795,0.4496,1277.01,952.54,444.52
837,CLM-000198,Medicare,Medicare,Emergency Department,2026-06-13,18,0-30,1,1650.83,0.5275,0.9108,0.0683,0.4477,870.87,739.03,443.42
838,CLM-015291,Medicare,Medicare,Laboratory,2026-04-03,89,61-90,3,309.83,0.571,0.9097,0.0722,0.4819,176.91,149.31,442.95
839,CLM-010285,Medicare,Medicare,Emergency Department,2026-06-16,15,0-30,1,1963.64,0.5275,0.9108,0.0683,0.4477,1035.88,879.06,439.53
840,CLM-020748,UnitedHealthcare,Commercial,Cardiology,2026-06-28,3,0-30,1,9499.13,0.6402,0.8926,0.1924,0.4615,6080.93,4383.82,438.38
841,CLM-009323,Humana Medicare Advantage,Medicare Advantage,Emergency Department,2026-06-23,8,0-30,1,3784.04,0.5773,0.906,0.1694,0.4344,2184.45,1643.84,438.36
842,CLM-002811,TRICARE,Military,Behavioral Health,2026-06-12,19,0-30,1,1297.31,0.6019,0.9669,0.0839,0.5331,780.82,691.63,438.03
843,CLM-024858,Aetna,Commercial,Imaging,2026-06-18,13,0-30,1,1839.79,0.7234,0.8925,0.1502,0.5486,1330.81,1009.32,437.37
844,CLM-023436,Humana Medicare Advantage,Medicare Advantage,Imaging,2026-06-08,23,0-30,1,1267.7,0.6027,0.9091,0.1795,0.4496,764.1,569.95,436.96
845,CLM-010375,Aetna,Commercial,Emergency Department,2026-06-17,14,0-30,1,1742.77,0.6916,0.8933,0.1305,0.5372,1205.22,936.14,436.87
846,CLM-012402,Aetna,Commercial,Imaging,2026-05-30,32,31-60,2,746.14,0.7234,0.8925,0.1502,0.5486,539.72,409.34,436.63
847,CLM-008745,Medicare,Medicare,Primary Care,2026-05-21,41,31-60,2,691.54,0.5401,0.911,0.0628,0.4612,373.53,318.92,435.86
848,CLM-014132,Cigna,Commercial,Primary Care,2026-03-03,120,91-120,4,197.42,0.6888,0.8904,0.1006,0.5516,135.99,108.9,435.61
849,CLM-029753,Humana Medicare Advantage,Medicare Advantage,Oncology,2026-06-12,19,0-30,1,1768.35,0.5111,0.9071,0.1642,0.3875,903.78,685.22,433.97
850,CLM-010947,TRICARE,Military,Imaging,2026-05-28,34,31-60,2,650.92,0.6292,0.9646,0.037,0.5844,409.54,380.43,431.15
851,CLM-004481,Medicare,Medicare,Laboratory,2026-04-05,87,61-90,3,308.42,0.571,0.9097,0.0722,0.4819,176.1,148.63,431.03
852,CLM-001851,Blue Cross Blue Shield,Commercial,Behavioral Health,2026-04-09,83,61-90,3,276.32,0.7059,0.8944,0.111,0.5612,195.04,155.08,429.06
853,CLM-013494,Molina Healthcare,Medicaid Managed Care,Orthopedics,2026-06-16,15,0-30,1,2688.89,0.4483,0.9572,0.2571,0.3188,1205.51,857.19,428.6
854,CLM-009191,Humana Medicare Advantage,Medicare Advantage,Imaging,2026-06-02,29,0-30,1,983.02,0.6027,0.9091,0.1795,0.4496,592.51,441.96,427.23
855,CLM-004100,UnitedHealthcare,Commercial,Imaging,2026-06-18,13,0-30,1,1871.49,0.713,0.8876,0.1687,0.5261,1334.32,984.57,426.65
856,CLM-007208,Humana Medicare Advantage,Medicare Advantage,Primary Care,2026-04-13,79,61-90,3,333.81,0.5927,0.9071,0.0994,0.4842,197.84,161.62,425.61
857,CLM-002319,Aetna,Commercial,Behavioral Health,2026-05-29,33,31-60,2,671.61,0.6862,0.8904,0.0572,0.5761,460.89,386.89,425.58
858,CLM-012894,Humana Medicare Advantage,Medicare Advantage,OB/GYN,2026-06-20,11,0-30,1,2730.83,0.5515,0.9074,0.1513,0.4247,1506.15,1159.82,425.27
859,CLM-013413,Aetna,Commercial,Laboratory,2026-04-10,82,61-90,3,251.91,0.7492,0.8943,0.0813,0.6155,188.74,155.06,423.83
860,CLM-022252,UnitedHealthcare,Commercial,Orthopedics,2026-06-10,21,0-30,1,1276.81,0.6148,0.8886,0.1354,0.4724,785.04,603.1,422.17
861,CLM-022358,UnitedHealthcare,Commercial,Laboratory,2026-05-22,40,31-60,2,542.3,0.7392,0.8893,0.1223,0.577,400.87,312.89,417.19
862,CLM-025053,TRICARE,Military,Primary Care,2026-04-22,70,61-90,3,330.27,0.6186,0.9637,0.094,0.5402,204.31,178.4,416.26
863,CLM-014805,Medicare,Medicare,Behavioral Health,2026-04-26,66,61-90,3,428.05,0.5254,0.907,0.0745,0.441,224.89,188.78,415.31
864,CLM-006083,Humana Medicare Advantage,Medicare Advantage,OB/GYN,2026-06-21,10,0-30,1,2928.53,0.5515,0.9074,0.1513,0.4247,1615.19,1243.79,414.6
865,CLM-007945,Humana Medicare Advantage,Medicare Advantage,Primary Care,2026-04-12,80,61-90,3,320.73,0.5927,0.9071,0.0994,0.4842,190.08,155.29,414.11
866,CLM-019836,Molina Healthcare,Medicaid Managed Care,Emergency Department,2026-06-20,11,0-30,1,2892.61,0.4933,0.9566,0.1726,0.3904,1426.87,1129.35,414.09
867,CLM-027091,Medicaid,Medicaid,Primary Care,2026-04-08,84,61-90,3,358.32,0.4852,0.963,0.1179,0.4122,173.86,147.69,413.53
868,CLM-018771,Cigna,Commercial,Imaging,2026-06-13,18,0-30,1,1401.58,0.7012,0.8886,0.2119,0.4911,982.78,688.26,412.96
869,CLM-021625,Blue Cross Blue Shield,Commercial,Laboratory,2026-04-10,82,61-90,3,248.28,0.7724,0.8932,0.1188,0.6079,191.77,150.94,412.57
870,CLM-002109,Self-Pay,Self-Pay,Imaging,2026-05-22,40,31-60,2,1641.34,0.9897,0.1954,0.0267,0.1882,1624.51,308.97,411.96
871,CLM-018510,Molina Healthcare,Medicaid Managed Care,Primary Care,2026-04-03,89,61-90,3,333.38,0.5063,0.9594,0.1424,0.4165,168.78,138.86,411.96
872,CLM-007054,Humana Medicare Advantage,Medicare Advantage,Imaging,2026-06-05,26,0-30,1,1053.65,0.6027,0.9091,0.1795,0.4496,635.08,473.72,410.55
873,CLM-018917,Molina Healthcare,Medicaid Managed Care,Behavioral Health,2026-03-19,104,91-120,4,301.64,0.4889,0.9595,0.1643,0.3921,147.48,118.26,409.96
874,CLM-026205,Aetna,Commercial,Imaging,2026-05-30,32,31-60,2,699.3,0.7234,0.8925,0.1502,0.5486,505.84,383.64,409.22
875,CLM-018052,Aetna,Commercial,Cardiology,2026-06-19,12,0-30,1,1975.35,0.6486,0.8922,0.1064,0.5171,1281.2,1021.42,408.57
876,CLM-011992,Medicare,Medicare,Laboratory,2026-05-12,50,31-60,2,508.47,0.571,0.9097,0.0722,0.4819,290.33,245.04,408.39
877,CLM-009208,Humana Medicare Advantage,Medicare Advantage,Laboratory,2026-04-18,74,61-90,3,333.68,0.6244,0.9083,0.1259,0.4958,208.35,165.42,408.05
878,CLM-019240,Molina Healthcare,Medicaid Managed Care,Orthopedics,2026-06-20,11,0-30,1,3483.02,0.4483,0.9572,0.2571,0.3188,1561.55,1110.35,407.13
879,CLM-002517,UnitedHealthcare,Commercial,Emergency Department,2026-06-15,16,0-30,1,1461.6,0.6821,0.8882,0.1411,0.5203,996.94,760.51,405.61
880,CLM-024948,Medicare,Medicare,Emergency Department,2026-06-05,26,0-30,1,1044.99,0.5275,0.9108,0.0683,0.4477,551.27,467.81,405.43
881,CLM-006059,Medicare,Medicare,Primary Care,2026-05-01,61,61-90,3,432.01,0.5401,0.911,0.0628,0.4612,233.35,199.23,405.1
882,CLM-010697,Medicare,Medicare,Imaging,2026-06-07,24,0-30,1,1104.57,0.5519,0.9095,0.088,0.4578,609.65,505.71,404.56
883,CLM-003692,Aetna,Commercial,Emergency Department,2026-06-18,13,0-30,1,1726.44,0.6916,0.8933,0.1305,0.5372,1193.92,927.37,401.86
884,CLM-017057,Humana Medicare Advantage,Medicare Advantage,Laboratory,2026-04-08,84,61-90,3,288.93,0.6244,0.9083,0.1259,0.4958,180.41,143.24,401.07
885,CLM-012734,Medicare,Medicare,Laboratory,2026-02-26,125,120+,5,198.94,0.571,0.9097,0.0722,0.4819,113.59,95.87,399.46
886,CLM-017686,Molina Healthcare,Medicaid Managed Care,Laboratory,2026-04-24,68,61-90,3,402.42,0.5329,0.9578,0.1514,0.4331,214.45,174.3,395.07
887,CLM-016959,Molina Healthcare,Medicaid Managed Care,OB/GYN,2026-05-27,35,31-60,2,882.23,0.4748,0.9557,0.1574,0.3823,418.88,337.3,393.52
888,CLM-022589,State Workers' Compensation,Workers' Comp,Surgery,2026-06-26,5,0-30,1,3497.56,0.7905,0.972,0.1238,0.6732,2764.84,2354.68,392.45
889,CLM-010769,Blue Cross Blue Shield,Commercial,Emergency Department,2026-06-14,17,0-30,1,1238.94,0.7136,0.8926,0.1226,0.5589,884.09,692.39,392.35
890,CLM-028678,Medicare,Medicare,Cardiology,2026-06-15,16,0-30,1,1765.15,0.4928,0.9102,0.0733,0.4157,869.86,733.73,391.32
891,CLM-027035,TRICARE,Military,Emergency Department,2026-06-16,15,0-30,1,1431.78,0.6081,0.9661,0.0703,0.5462,870.67,782.01,391.0
892,CLM-021080,UnitedHealthcare,Commercial,Cardiology,2026-06-25,6,0-30,1,4233.37,0.6402,0.8926,0.1924,0.4615,2710.02,1953.69,390.74
893,CLM-003466,Humana Medicare Advantage,Medicare Advantage,Surgery,2026-06-24,7,0-30,1,4279.32,0.5031,0.9081,0.1465,0.3899,2152.82,1668.57,389.33
894,CLM-016989,Medicare,Medicare,OB/GYN,2026-06-23,8,0-30,1,3355.84,0.5041,0.9072,0.0511,0.4339,1691.69,1456.24,388.33
895,CLM-021124,Aetna,Commercial,Behavioral Health,2026-05-24,38,31-60,2,531.04,0.6862,0.8904,0.0572,0.5761,364.42,305.91,387.49
896,CLM-011461,Humana Medicare Advantage,Medicare Advantage,Emergency Department,2026-06-08,23,0-30,1,1156.77,0.5773,0.906,0.1694,0.4344,667.78,502.52,385.26
897,CLM-004374,Aetna,Commercial,Laboratory,2026-05-23,39,31-60,2,478.3,0.7492,0.8943,0.0813,0.6155,358.35,294.41,382.73
898,CLM-006299,Aetna,Commercial,Emergency Department,2026-06-04,27,0-30,1,788.25,0.6916,0.8933,0.1305,0.5372,545.12,423.41,381.07
899,CLM-013824,Medicare,Medicare,Cardiology,2026-06-09,22,0-30,1,1248.7,0.4928,0.9102,0.0733,0.4157,615.36,519.06,380.64
900,CLM-022829,Humana Medicare Advantage,Medicare Advantage,Emergency Department,2026-06-22,9,0-30,1,2913.64,0.5773,0.906,0.1694,0.4344,1681.98,1265.73,379.72
901,CLM-029410,Blue Cross Blue Shield,Commercial,Imaging,2026-06-21,10,0-30,1,1994.49,0.7463,0.8925,0.1448,0.5697,1488.57,1136.22,378.74
902,CLM-021262,Self-Pay,Self-Pay,Oncology,2026-06-17,14,0-30,1,4618.36,0.9312,0.1982,0.048,0.1757,4300.53,811.31,378.61
903,CLM-028476,Molina Healthcare,Medicaid Managed Care,Laboratory,2026-04-23,69,61-90,3,379.98,0.5329,0.9578,0.1514,0.4331,202.49,164.58,378.53
904,CLM-001339,Humana Medicare Advantage,Medicare Advantage,Imaging,2026-04-11,81,61-90,3,311.33,0.6027,0.9091,0.1795,0.4496,187.65,139.97,377.93
905,CLM-004652,Medicaid,Medicaid,Primary Care,2026-04-16,76,61-90,3,361.7,0.4852,0.963,0.1179,0.4122,175.5,149.08,377.68
906,CLM-019056,UnitedHealthcare,Commercial,Imaging,2026-06-07,24,0-30,1,897.12,0.713,0.8876,0.1687,0.5261,639.62,471.96,377.57
907,CLM-022814,Humana Medicare Advantage,Medicare Advantage,Cardiology,2026-06-18,13,0-30,1,2118.83,0.5408,0.908,0.1628,0.4112,1145.92,871.16,377.5
908,CLM-000645,Medicaid,Medicaid,Primary Care,2026-04-07,85,61-90,3,323.18,0.4852,0.963,0.1179,0.4122,156.81,133.21,377.42
909,CLM-004173,Molina Healthcare,Medicaid Managed Care,Laboratory,2026-04-26,66,61-90,3,395.88,0.5329,0.9578,0.1514,0.4331,210.96,171.46,377.22
910,CLM-025479,UnitedHealthcare,Commercial,Primary Care,2026-04-26,66,61-90,3,309.25,0.7003,0.8908,0.1119,0.554,216.58,171.33,376.92
911,CLM-018302,Self-Pay,Self-Pay,Oncology,2026-06-22,9,0-30,1,7117.42,0.9312,0.1982,0.048,0.1757,6627.61,1250.32,375.1
912,CLM-016142,Medicaid,Medicaid,Imaging,2026-06-16,15,0-30,1,1843.42,0.4932,0.9622,0.1437,0.4063,909.13,749.02,374.51
913,CLM-012636,Medicare,Medicare,Cardiology,2026-06-22,9,0-30,1,3000.88,0.4928,0.9102,0.0733,0.4157,1478.83,1247.4,374.22
914,CLM-006968,Medicaid,Medicaid,Oncology,2026-06-28,3,0-30,1,10579.51,0.4189,0.9628,0.1232,0.3536,4431.84,3741.23,374.12
915,CLM-017277,Medicare,Medicare,Imaging,2026-06-16,15,0-30,1,1632.76,0.5519,0.9095,0.088,0.4578,901.18,747.53,373.76
916,CLM-027910,UnitedHealthcare,Commercial,Behavioral Health,2026-06-12,19,0-30,1,1162.31,0.6751,0.8889,0.1573,0.5057,784.7,587.76,372.25
917,CLM-018305,TRICARE,Military,Laboratory,2026-04-17,75,61-90,3,272.6,0.6515,0.9656,0.1376,0.5425,177.59,147.88,369.71
918,CLM-012922,Cigna,Commercial,Imaging,2026-06-21,10,0-30,1,2247.22,0.7012,0.8886,0.2119,0.4911,1575.73,1103.52,367.84
919,CLM-017432,Medicaid,Medicaid,Primary Care,2026-05-15,47,31-60,2,568.73,0.4852,0.963,0.1179,0.4122,275.95,234.42,367.25
920,CLM-002437,Medicaid,Medicaid,Laboratory,2026-03-27,96,91-120,4,265.66,0.5115,0.9624,0.1253,0.4306,135.9,114.4,366.09
921,CLM-007951,Blue Cross Blue Shield,Commercial,Laboratory,2026-04-07,85,61-90,3,210.71,0.7724,0.8932,0.1188,0.6079,162.75,128.1,362.95
922,CLM-020044,TRICARE,Military,Imaging,2026-06-24,7,0-30,1,2658.16,0.6292,0.9646,0.037,0.5844,1672.46,1553.54,362.49
923,CLM-006021,Medicare,Medicare,Oncology,2026-06-29,2,0-30,1,14003.4,0.4637,0.9074,0.0783,0.3878,6492.86,5430.75,362.05
924,CLM-022896,Medicare,Medicare,Imaging,2026-05-01,61,61-90,3,388.74,0.5519,0.9095,0.088,0.4578,214.56,177.98,361.89
925,CLM-010687,Humana Medicare Advantage,Medicare Advantage,Laboratory,2026-05-05,57,31-60,2,381.73,0.6244,0.9083,0.1259,0.4958,238.36,189.25,359.57
926,CLM-007386,Blue Cross Blue Shield,Commercial,Imaging,2026-06-20,11,0-30,1,1716.47,0.7463,0.8925,0.1448,0.5697,1281.07,977.84,358.54
927,CLM-001084,Medicare,Medicare,Surgery,2026-06-26,5,0-30,1,5536.15,0.4551,0.9122,0.0734,0.3847,2519.6,2129.78,354.96
928,CLM-019562,Humana Medicare Advantage,Medicare Advantage,Imaging,2026-06-19,12,0-30,1,1973.44,0.6027,0.9091,0.1795,0.4496,1189.48,887.25,354.9
929,CLM-021791,UnitedHealthcare,Commercial,Imaging,2026-06-19,12,0-30,1,1683.55,0.713,0.8876,0.1687,0.5261,1200.32,885.7,354.28
930,CLM-014036,Cigna,Commercial,Imaging,2026-06-19,12,0-30,1,1773.97,0.7012,0.8886,0.2119,0.4911,1243.89,871.12,348.45
931,CLM-015279,Medicaid,Medicaid,Emergency Department,2026-06-12,19,0-30,1,1430.86,0.4726,0.9636,0.1567,0.384,676.23,549.52,348.03
932,CLM-027301,Cigna,Commercial,Laboratory,2026-04-14,78,61-90,3,231.17,0.7266,0.8894,0.1068,0.5772,167.97,133.44,346.93
933,CLM-002905,Medicaid,Medicaid,Emergency Department,2026-05-26,36,31-60,2,752.57,0.4726,0.9636,0.1567,0.384,355.67,289.02,346.83
934,CLM-021174,Medicare,Medicare,Cardiology,2026-06-19,12,0-30,1,2082.32,0.4928,0.9102,0.0733,0.4157,1026.17,865.57,346.23
935,CLM-009509,Medicare,Medicare,Cardiology,2026-06-24,7,0-30,1,3562.18,0.4928,0.9102,0.0733,0.4157,1755.44,1480.71,345.5
936,CLM-020743,Medicare,Medicare,Imaging,2026-06-13,18,0-30,1,1257.51,0.5519,0.9095,0.088,0.4578,694.06,575.73,345.44
937,CLM-008610,UnitedHealthcare,Commercial,Cardiology,2026-06-28,3,0-30,1,7456.27,0.6402,0.8926,0.1924,0.4615,4773.18,3441.05,344.1
938,CLM-024866,Blue Cross Blue Shield,Commercial,Laboratory,2026-04-16,76,61-90,3,223.19,0.7724,0.8932,0.1188,0.6079,172.39,135.69,343.74
939,CLM-009577,Blue Cross Blue Shield,Commercial,Imaging,2026-06-22,9,0-30,1,1999.82,0.7463,0.8925,0.1448,0.5697,1492.55,1139.26,341.78
940,CLM-010890,Medicare,Medicare,Laboratory,2026-05-01,61,61-90,3,348.26,0.571,0.9097,0.0722,0.4819,198.85,167.83,341.25
941,CLM-006754,Blue Cross Blue Shield,Commercial,Emergency Department,2026-06-18,13,0-30,1,1399.41,0.7136,0.8926,0.1226,0.5589,998.6,782.07,338.9
942,CLM-005401,Blue Cross Blue Shield,Commercial,Laboratory,2026-05-15,47,31-60,2,352.81,0.7724,0.8932,0.1188,0.6079,272.5,214.49,336.03
943,CLM-000112,UnitedHealthcare,Commercial,Emergency Department,2026-06-21,10,0-30,1,1914.05,0.6821,0.8882,0.1411,0.5203,1305.55,995.93,331.98
944,CLM-003173,Medicare,Medicare,Imaging,2026-05-28,34,31-60,2,636.06,0.5519,0.9095,0.088,0.4578,351.06,291.21,330.04
945,CLM-011386,Humana Medicare Advantage,Medicare Advantage,Behavioral Health,2026-05-08,54,31-60,2,471.26,0.4768,0.9029,0.1057,0.385,224.7,181.44,326.59
946,CLM-010497,Blue Cross Blue Shield,Commercial,Emergency Department,2026-06-11,20,0-30,1,876.17,0.7136,0.8926,0.1226,0.5589,625.22,489.65,326.44
947,CLM-025806,Molina Healthcare,Medicaid Managed Care,Imaging,2026-05-06,56,31-60,2,427.62,0.5146,0.958,0.1713,0.4085,220.05,174.7,326.11
948,CLM-011038,Cigna,Commercial,Emergency Department,2026-06-23,8,0-30,1,2377.91,0.6704,0.8882,0.1375,0.5136,1594.11,1221.2,325.65
949,CLM-025811,Medicaid,Medicaid,Oncology,2026-06-21,10,0-30,1,2755.52,0.4189,0.9628,0.1232,0.3536,1154.31,974.43,324.81
950,CLM-022734,Humana Medicare Advantage,Medicare Advantage,Laboratory,2026-01-25,157,120+,5,124.7,0.6244,0.9083,0.1259,0.4958,77.86,61.82,323.53
951,CLM-029266,Blue Cross Blue Shield,Commercial,Imaging,2026-05-27,35,31-60,2,485.98,0.7463,0.8925,0.1448,0.5697,362.71,276.85,323.0
952,CLM-020265,Humana Medicare Advantage,Medicare Advantage,Laboratory,2026-05-20,42,31-60,2,462.92,0.6244,0.9083,0.1259,0.4958,289.05,229.5,321.29
953,CLM-000267,Self-Pay,Self-Pay,Imaging,2026-01-22,160,120+,5,319.62,0.9897,0.1954,0.0267,0.1882,316.34,60.17,320.89
954,CLM-014061,UnitedHealthcare,Commercial,Emergency Department,2026-06-22,9,0-30,1,2054.5,0.6821,0.8882,0.1411,0.5203,1401.35,1069.01,320.7
955,CLM-010295,Aetna,Commercial,Imaging,2026-06-10,21,0-30,1,834.52,0.7234,0.8925,0.1502,0.5486,603.65,457.82,320.48
956,CLM-001151,Humana Medicare Advantage,Medicare Advantage,Oncology,2026-06-27,4,0-30,1,6184.08,0.5111,0.9071,0.1642,0.3875,3160.59,2396.27,319.5
957,CLM-025183,Medicare,Medicare,Primary Care,2026-03-09,114,91-120,4,180.67,0.5401,0.911,0.0628,0.4612,97.59,83.32,316.62
958,CLM-003005,Blue Cross Blue Shield,Commercial,Primary Care,2026-06-09,22,0-30,1,735.73,0.7321,0.8927,0.1047,0.5852,538.63,430.52,315.72
959,CLM-026624,Molina Healthcare,Medicaid Managed Care,Emergency Department,2026-06-22,9,0-30,1,2694.48,0.4933,0.9566,0.1726,0.3904,1329.13,1051.99,315.6
960,CLM-006585,Humana Medicare Advantage,Medicare Advantage,Laboratory,2026-04-09,83,61-90,3,230.01,0.6244,0.9083,0.1259,0.4958,143.62,114.03,315.48
961,CLM-006150,Aetna,Commercial,Primary Care,2026-05-27,35,31-60,2,471.06,0.7107,0.8917,0.1021,0.569,334.77,268.05,312.73
962,CLM-018551,Molina Healthcare,Medicaid Managed Care,Emergency Department,2026-06-26,5,0-30,1,4795.72,0.4933,0.9566,0.1726,0.3904,2365.64,1872.37,312.06
963,CLM-000738,Medicaid,Medicaid,OB/GYN,2026-06-08,23,0-30,1,1076.82,0.4528,0.9615,0.1322,0.3778,487.6,406.82,311.9
964,CLM-001003,UnitedHealthcare,Commercial,Primary Care,2026-05-23,39,31-60,2,429.85,0.7003,0.8908,0.1119,0.554,301.04,238.14,309.58
965,CLM-014364,Medicaid,Medicaid,Primary Care,2026-04-27,65,61-90,3,345.5,0.4852,0.963,0.1179,0.4122,167.64,142.41,308.55
966,CLM-006531,Humana Medicare Advantage,Medicare Advantage,Primary Care,2026-05-06,56,31-60,2,340.69,0.5927,0.9071,0.0994,0.4842,201.91,164.96,307.92
967,CLM-017846,Medicaid,Medicaid,Emergency Department,2026-06-04,27,0-30,1,887.02,0.4726,0.9636,0.1567,0.384,419.21,340.66,306.59
968,CLM-020114,Humana Medicare Advantage,Medicare Advantage,Cardiology,2026-06-22,9,0-30,1,2480.47,0.5408,0.908,0.1628,0.4112,1341.5,1019.85,305.96
969,CLM-014047,UnitedHealthcare,Commercial,OB/GYN,2026-06-25,6,0-30,1,3037.83,0.652,0.8905,0.1422,0.4981,1980.73,1513.05,302.61
970,CLM-027600,Cigna,Commercial,Oncology,2026-06-26,5,0-30,1,3961.85,0.5991,0.8897,0.142,0.4573,2373.71,1811.86,301.98
971,CLM-026990,Molina Healthcare,Medicaid Managed Care,Laboratory,2026-05-06,56,31-60,2,371.32,0.5329,0.9578,0.1514,0.4331,197.87,160.83,300.21
972,CLM-026331,Aetna,Commercial,Emergency Department,2026-06-17,14,0-30,1,1196.28,0.6916,0.8933,0.1305,0.5372,827.29,642.59,299.88
973,CLM-018660,UnitedHealthcare,Commercial,Laboratory,2026-05-19,43,31-60,2,361.11,0.7392,0.8893,0.1223,0.577,266.93,208.35,298.64
974,CLM-010927,Humana Medicare Advantage,Medicare Advantage,Emergency Department,2026-06-23,8,0-30,1,2559.67,0.5773,0.906,0.1694,0.4344,1477.64,1111.96,296.52
975,CLM-001580,Blue Cross Blue Shield,Commercial,Imaging,2026-06-19,12,0-30,1,1298.34,0.7463,0.8925,0.1448,0.5697,969.0,739.64,295.86
976,CLM-001998,Blue Cross Blue Shield,Commercial,Oncology,2026-06-26,5,0-30,1,3699.25,0.633,0.8934,0.1553,0.4776,2341.57,1766.93,294.49
977,CLM-000288,Humana Medicare Advantage,Medicare Advantage,Emergency Department,2026-06-22,9,0-30,1,2255.42,0.5773,0.906,0.1694,0.4344,1302.01,979.79,293.94
978,CLM-011485,Medicare,Medicare,Emergency Department,2026-06-15,16,0-30,1,1230.81,0.5275,0.9108,0.0683,0.4477,649.29,551.0,293.86
979,CLM-016924,TRICARE,Military,Oncology,2026-06-29,2,0-30,1,8995.43,0.556,0.9669,0.0903,0.4891,5001.59,4399.54,293.3
980,CLM-001548,Blue Cross Blue Shield,Commercial,Primary Care,2026-05-30,32,31-60,2,469.78,0.7321,0.8927,0.1047,0.5852,343.92,274.9,293.22
981,CLM-005483,Medicaid,Medicaid,Primary Care,2026-05-22,40,31-60,2,532.56,0.4852,0.963,0.1179,0.4122,258.4,219.51,292.68
982,CLM-010092,Self-Pay,Self-Pay,Imaging,2026-05-29,33,31-60,2,1412.32,0.9897,0.1954,0.0267,0.1882,1397.83,265.86,292.45
983,CLM-028308,Blue Cross Blue Shield,Commercial,Cardiology,2026-06-27,4,0-30,1,4216.68,0.668,0.8959,0.1323,0.5193,2816.73,2189.75,291.97
984,CLM-016518,UnitedHealthcare,Commercial,Cardiology,2026-06-28,3,0-30,1,6316.52,0.6402,0.8926,0.1924,0.4615,4043.56,2915.06,291.51
985,CLM-018472,UnitedHealthcare,Commercial,Primary Care,2026-05-03,59,31-60,2,266.05,0.7003,0.8908,0.1119,0.554,186.32,147.39,289.87
986,CLM-020759,Medicaid,Medicaid,OB/GYN,2026-06-22,9,0-30,1,2532.08,0.4528,0.9615,0.1322,0.3778,1146.57,956.62,286.99
987,CLM-020554,Humana Medicare Advantage,Medicare Advantage,Laboratory,2026-05-06,56,31-60,2,309.71,0.6244,0.9083,0.1259,0.4958,193.39,153.54,286.61
988,CLM-004244,Medicare,Medicare,Emergency Department,2026-06-14,17,0-30,1,1126.58,0.5275,0.9108,0.0683,0.4477,594.31,504.33,285.79
989,CLM-024584,Medicaid,Medicaid,Emergency Department,2026-06-12,19,0-30,1,1159.88,0.4726,0.9636,0.1567,0.384,548.16,445.45,282.12
990,CLM-018812,Medicare,Medicare,Emergency Department,2026-06-13,18,0-30,1,1047.87,0.5275,0.9108,0.0683,0.4477,552.79,469.1,281.46
991,CLM-001029,Medicaid,Medicaid,Oncology,2026-06-24,7,0-30,1,3381.94,0.4189,0.9628,0.1232,0.3536,1416.72,1195.95,279.06
992,CLM-003333,Aetna,Commercial,Orthopedics,2026-06-14,17,0-30,1,1019.6,0.626,0.8939,0.1374,0.4827,638.25,492.14,278.88
993,CLM-015966,Molina Healthcare,Medicaid Managed Care,Laboratory,2026-05-12,50,31-60,2,385.65,0.5329,0.9578,0.1514,0.4331,205.51,167.03,278.39
994,CLM-011018,Medicaid,Medicaid,OB/GYN,2026-06-21,10,0-30,1,2195.16,0.4528,0.9615,0.1322,0.3778,994.01,829.34,276.45
995,CLM-028627,Humana Medicare Advantage,Medicare Advantage,Emergency Department,2026-06-13,18,0-30,1,1060.44,0.5773,0.906,0.1694,0.4344,612.17,460.67,276.4
996,CLM-001726,Humana Medicare Advantage,Medicare Advantage,OB/GYN,2026-06-22,9,0-30,1,2168.34,0.5515,0.9074,0.1513,0.4247,1195.92,920.92,276.28
997,CLM-007535,State Workers' Compensation,Workers' Comp,OB/GYN,2026-06-27,4,0-30,1,2949.39,0.8277,0.9687,0.1238,0.7024,2441.11,2071.77,276.24
998,CLM-016413,Humana Medicare Advantage,Medicare Advantage,Imaging,2026-06-15,16,0-30,1,1148.78,0.6027,0.9091,0.1795,0.4496,692.42,516.49,275.46
999,CLM-001921,Self-Pay,Self-Pay,Imaging,2026-05-31,31,31-60,2,1415.62,0.9897,0.1954,0.0267,0.1882,1401.1,266.48,275.37
1000,CLM-028329,Medicare,Medicare,Emergency Department,2026-06-12,19,0-30,1,971.21,0.5275,0.9108,0.0683,0.4477,512.34,434.78,275.36
1001,CLM-019360,Humana Medicare Advantage,Medicare Advantage,Emergency Department,2026-06-18,13,0-30,1,1458.19,0.5773,0.906,0.1694,0.4344,841.78,633.46,274.5
1002,CLM-001299,Molina Healthcare,Medicaid Managed Care,Imaging,2026-05-10,52,31-60,2,387.59,0.5146,0.958,0.1713,0.4085,199.45,158.35,274.47
1003,CLM-022533,Blue Cross Blue Shield,Commercial,Oncology,2026-06-01,30,0-30,1,568.77,0.633,0.8934,0.1553,0.4776,360.02,271.67,271.67
1004,CLM-012021,Medicare,Medicare,Primary Care,2026-04-15,77,61-90,3,227.4,0.5401,0.911,0.0628,0.4612,122.83,104.87,269.17
1005,CLM-023759,UnitedHealthcare,Commercial,Imaging,2026-06-16,15,0-30,1,1020.83,0.713,0.8876,0.1687,0.5261,727.82,537.05,268.52
1006,CLM-002002,UnitedHealthcare,Commercial,Laboratory,2026-03-15,108,91-120,4,128.71,0.7392,0.8893,0.1223,0.577,95.14,74.26,267.34
1007,CLM-008554,Humana Medicare Advantage,Medicare Advantage,Imaging,2026-05-27,35,31-60,2,507.8,0.6027,0.9091,0.1795,0.4496,306.07,228.3,266.35
1008,CLM-011876,Medicare,Medicare,Laboratory,2026-05-27,35,31-60,2,473.74,0.571,0.9097,0.0722,0.4819,270.5,228.3,266.35
1009,CLM-014251,Humana Medicare Advantage,Medicare Advantage,Laboratory,2026-05-06,56,31-60,2,286.61,0.6244,0.9083,0.1259,0.4958,178.96,142.09,265.23
1010,CLM-026374,Molina Healthcare,Medicaid Managed Care,Emergency Department,2026-06-18,13,0-30,1,1564.8,0.4933,0.9566,0.1726,0.3904,771.89,610.94,264.74
1011,CLM-025367,TRICARE,Military,Orthopedics,2026-06-24,7,0-30,1,2325.78,0.5591,0.9683,0.1009,0.4868,1300.42,1132.13,264.16
1012,CLM-010409,Medicaid,Medicaid,Emergency Department,2026-06-12,19,0-30,1,1085.73,0.4726,0.9636,0.1567,0.384,513.12,416.97,264.08
1013,CLM-005744,Molina Healthcare,Medicaid Managed Care,Emergency Department,2026-06-18,13,0-30,1,1558.39,0.4933,0.9566,0.1726,0.3904,768.72,608.43,263.65
1014,CLM-026143,Medicaid,Medicaid,Emergency Department,2026-06-27,4,0-30,1,5146.62,0.4726,0.9636,0.1567,0.384,2432.32,1976.55,263.54
1015,CLM-008244,UnitedHealthcare,Commercial,Emergency Department,2026-06-13,18,0-30,1,840.68,0.6821,0.8882,0.1411,0.5203,573.42,437.43,262.46
1016,CLM-016938,Medicare,Medicare,Laboratory,2026-04-13,79,61-90,3,206.7,0.571,0.9097,0.0722,0.4819,118.02,99.61,262.31
1017,CLM-027963,Medicare,Medicare,Surgery,2026-06-29,2,0-30,1,10064.62,0.4551,0.9122,0.0734,0.3847,4580.58,3871.91,258.13
1018,CLM-016263,Humana Medicare Advantage,Medicare Advantage,Imaging,2026-06-21,10,0-30,1,1718.79,0.6027,0.9091,0.1795,0.4496,1035.99,772.76,257.59
1019,CLM-009431,UnitedHealthcare,Commercial,Emergency Department,2026-06-15,16,0-30,1,924.42,0.6821,0.8882,0.1411,0.5203,630.54,481.0,256.53
1020,CLM-017789,Medicaid,Medicaid,Emergency Department,2026-06-14,17,0-30,1,1178.71,0.4726,0.9636,0.1567,0.384,557.06,452.68,256.52
1021,CLM-011687,UnitedHealthcare,Commercial,Emergency Department,2026-06-18,13,0-30,1,1133.1,0.6821,0.8882,0.1411,0.5203,772.87,589.58,255.49
1022,CLM-013742,Medicare,Medicare,Oncology,2026-06-29,2,0-30,1,9847.02,0.4637,0.9074,0.0783,0.3878,4565.7,3818.84,254.59
1023,CLM-016664,UnitedHealthcare,Commercial,Emergency Department,2026-06-17,14,0-30,1,1047.67,0.6821,0.8882,0.1411,0.5203,714.6,545.13,254.4
1024,CLM-009177,Medicare,Medicare,Emergency Department,2026-06-26,5,0-30,1,3405.2,0.5275,0.9108,0.0683,0.4477,1796.35,1524.4,254.07
1025,CLM-020194,Molina Healthcare,Medicaid Managed Care,Primary Care,2026-05-19,43,31-60,2,425.19,0.5063,0.9594,0.1424,0.4165,215.27,177.11,253.85
1026,CLM-019366,Humana Medicare Advantage,Medicare Advantage,Imaging,2026-06-07,24,0-30,1,703.27,0.6027,0.9091,0.1795,0.4496,423.89,316.19,252.95
1027,CLM-006562,Aetna,Commercial,Cardiology,2026-06-28,3,0-30,1,4891.66,0.6486,0.8922,0.1064,0.5171,3172.69,2529.4,252.94
1028,CLM-029323,Self-Pay,Self-Pay,Emergency Department,2026-06-10,21,0-30,1,1869.44,0.9887,0.2027,0.0379,0.1929,1848.39,360.55,252.39
1029,CLM-023746,Aetna,Commercial,Emergency Department,2026-06-26,5,0-30,1,2814.37,0.6916,0.8933,0.1305,0.5372,1946.28,1511.76,251.96
1030,CLM-013914,Humana Medicare Advantage,Medicare Advantage,Imaging,2026-06-21,10,0-30,1,1677.78,0.6027,0.9091,0.1795,0.4496,1011.27,754.32,251.44
1031,CLM-006254,Blue Cross Blue Shield,Commercial,Laboratory,2026-06-14,17,0-30,1,729.18,0.7724,0.8932,0.1188,0.6079,563.2,443.3,251.2
1032,CLM-003832,Humana Medicare Advantage,Medicare Advantage,Laboratory,2026-04-28,64,61-90,3,234.62,0.6244,0.9083,0.1259,0.4958,146.5,116.31,248.14
1033,CLM-024064,Medicare,Medicare,Imaging,2026-06-15,16,0-30,1,1016.02,0.5519,0.9095,0.088,0.4578,560.78,465.17,248.09
1034,CLM-026215,Medicare,Medicare,Emergency Department,2026-06-22,9,0-30,1,1842.86,0.5275,0.9108,0.0683,0.4477,972.17,824.99,247.5
1035,CLM-002261,Medicaid,Medicaid,Laboratory,2026-04-18,74,61-90,3,232.73,0.5115,0.9624,0.1253,0.4306,119.05,100.22,247.22
1036,CLM-019446,Medicare,Medicare,Imaging,2026-06-13,18,0-30,1,894.61,0.5519,0.9095,0.088,0.4578,493.77,409.58,245.75
1037,CLM-014033,Medicare,Medicare,Imaging,2026-06-12,19,0-30,1,846.97,0.5519,0.9095,0.088,0.4578,467.47,387.77,245.59
1038,CLM-010178,Humana Medicare Advantage,Medicare Advantage,Laboratory,2026-05-18,44,31-60,2,336.8,0.6244,0.9083,0.1259,0.4958,210.3,166.97,244.89
1039,CLM-012614,Cigna,Commercial,Behavioral Health,2026-06-14,17,0-30,1,804.22,0.6657,0.8826,0.0868,0.5366,535.37,431.51,244.52
1040,CLM-004128,Medicaid,Medicaid,Primary Care,2026-05-30,32,31-60,2,553.96,0.4852,0.963,0.1179,0.4122,268.78,228.33,243.55
1041,CLM-005868,Humana Medicare Advantage,Medicare Advantage,Laboratory,2026-06-01,30,0-30,1,490.86,0.6244,0.9083,0.1259,0.4958,306.5,243.35,243.35
1042,CLM-009261,Humana Medicare Advantage,Medicare Advantage,Oncology,2026-05-31,31,31-60,2,606.22,0.5111,0.9071,0.1642,0.3875,309.83,234.9,242.73
1043,CLM-019893,Humana Medicare Advantage,Medicare Advantage,Emergency Department,2026-06-19,12,0-30,1,1395.41,0.5773,0.906,0.1694,0.4344,805.54,606.19,242.47
1044,CLM-017068,Medicaid,Medicaid,Surgery,2026-06-30,1,0-30,1,20759.94,0.4102,0.963,0.1141,0.3499,8515.55,7264.86,242.16
1045,CLM-020772,Humana Medicare Advantage,Medicare Advantage,Laboratory,2026-06-11,20,0-30,1,729.43,0.6244,0.9083,0.1259,0.4958,455.47,361.62,241.08
1046,CLM-019537,UnitedHealthcare,Commercial,Primary Care,2026-04-11,81,61-90,3,160.54,0.7003,0.8908,0.1119,0.554,112.43,88.94,240.14
1047,CLM-026508,UnitedHealthcare,Commercial,Laboratory,2026-05-24,38,31-60,2,328.19,0.7392,0.8893,0.1223,0.577,242.6,189.36,239.85
1048,CLM-009340,Aetna,Commercial,Imaging,2026-06-21,10,0-30,1,1310.71,0.7234,0.8925,0.1502,0.5486,948.1,719.07,239.69
1049,CLM-025696,Medicare,Medicare,Laboratory,2026-05-29,33,31-60,2,446.67,0.571,0.9097,0.0722,0.4819,255.04,215.25,236.78
1050,CLM-018280,Humana Medicare Advantage,Medicare Advantage,Emergency Department,2026-06-22,9,0-30,1,1797.53,0.5773,0.906,0.1694,0.4344,1037.68,780.87,234.26
1051,CLM-023220,Medicare,Medicare,OB/GYN,2026-06-26,5,0-30,1,3228.35,0.5041,0.9072,0.0511,0.4339,1627.42,1400.91,233.49
1052,CLM-017381,TRICARE,Military,Imaging,2026-06-23,8,0-30,1,1497.48,0.6292,0.9646,0.037,0.5844,942.18,875.19,233.38
1053,CLM-000850,UnitedHealthcare,Commercial,Primary Care,2026-05-18,44,31-60,2,286.72,0.7003,0.8908,0.1119,0.554,200.8,158.85,232.97
1054,CLM-022503,Medicare,Medicare,Primary Care,2026-05-24,38,31-60,2,395.54,0.5401,0.911,0.0628,0.4612,213.65,182.41,231.06
1055,CLM-008020,Blue Cross Blue Shield,Commercial,Primary Care,2026-05-19,43,31-60,2,274.82,0.7321,0.8927,0.1047,0.5852,201.2,160.81,230.5
1056,CLM-003119,Medicaid,Medicaid,Emergency Department,2026-06-20,11,0-30,1,1624.92,0.4726,0.9636,0.1567,0.384,767.95,624.05,228.82
1057,CLM-019155,UnitedHealthcare,Commercial,Emergency Department,2026-06-27,4,0-30,1,3296.34,0.6821,0.8882,0.1411,0.5203,2248.4,1715.18,228.69
1058,CLM-017738,TRICARE,Military,Emergency Department,2026-06-26,5,0-30,1,2504.11,0.6081,0.9661,0.0703,0.5462,1522.76,1367.69,227.95
1059,CLM-022611,Aetna,Commercial,Emergency Department,2026-06-21,10,0-30,1,1269.82,0.6916,0.8933,0.1305,0.5372,878.15,682.09,227.36
1060,CLM-014318,Humana Medicare Advantage,Medicare Advantage,Emergency Department,2026-06-14,17,0-30,1,921.04,0.5773,0.906,0.1694,0.4344,531.7,400.11,226.73
1061,CLM-010125,Medicare,Medicare,Imaging,2026-05-25,37,31-60,2,400.83,0.5519,0.9095,0.088,0.4578,221.23,183.51,226.33
1062,CLM-008099,Medicare,Medicare,Orthopedics,2026-06-26,5,0-30,1,3402.18,0.474,0.91,0.0748,0.3991,1612.64,1357.73,226.29
1063,CLM-003521,Humana Medicare Advantage,Medicare Advantage,Laboratory,2026-05-21,41,31-60,2,332.91,0.6244,0.9083,0.1259,0.4958,207.87,165.04,225.56
1064,CLM-001121,Medicaid,Medicaid,Emergency Department,2026-06-26,5,0-30,1,3521.65,0.4726,0.9636,0.1567,0.384,1664.35,1352.48,225.41
1065,CLM-002563,Aetna,Commercial,Surgery,2026-06-28,3,0-30,1,4753.97,0.6037,0.8928,0.121,0.4738,2870.11,2252.29,225.23
1066,CLM-008222,Humana Medicare Advantage,Medicare Advantage,Imaging,2026-06-19,12,0-30,1,1243.29,0.6027,0.9091,0.1795,0.4496,749.38,558.98,223.59
1067,CLM-020987,UnitedHealthcare,Commercial,Laboratory,2026-05-25,37,31-60,2,313.14,0.7392,0.8893,0.1223,0.577,231.47,180.67,222.83
1068,CLM-025684,Aetna,Commercial,Emergency Department,2026-06-25,6,0-30,1,2049.01,0.6916,0.8933,0.1305,0.5372,1417.0,1100.64,220.13
1069,CLM-024286,Medicare,Medicare,Emergency Department,2026-06-26,5,0-30,1,2943.53,0.5275,0.9108,0.0683,0.4477,1552.81,1317.73,219.62
1070,CLM-001810,Aetna,Commercial,Laboratory,2026-05-11,51,31-60,2,208.07,0.7492,0.8943,0.0813,0.6155,155.89,128.07,217.72
1071,CLM-014138,Humana Medicare Advantage,Medicare Advantage,Laboratory,2026-04-24,68,61-90,3,193.34,0.6244,0.9083,0.1259,0.4958,120.72,95.85,217.26
1072,CLM-027511,Self-Pay,Self-Pay,Emergency Department,2026-06-09,22,0-30,1,1536.13,0.9887,0.2027,0.0379,0.1929,1518.83,296.27,217.26
1073,CLM-017857,Medicare,Medicare,Emergency Department,2026-06-13,18,0-30,1,803.9,0.5275,0.9108,0.0683,0.4477,424.08,359.88,215.93
1074,CLM-004341,Blue Cross Blue Shield,Commercial,Laboratory,2026-05-22,40,31-60,2,266.28,0.7724,0.8932,0.1188,0.6079,205.67,161.88,215.85
1075,CLM-028928,Medicare,Medicare,Laboratory,2026-03-31,92,91-120,4,144.54,0.571,0.9097,0.0722,0.4819,82.53,69.66,213.61
1076,CLM-026718,UnitedHealthcare,Commercial,Emergency Department,2026-06-21,10,0-30,1,1230.93,0.6821,0.8882,0.1411,0.5203,839.6,640.49,213.5
1077,CLM-027877,Medicare,Medicare,Primary Care,2026-06-09,22,0-30,1,630.53,0.5401,0.911,0.0628,0.4612,340.58,290.78,213.24
1078,CLM-008098,TRICARE,Military,Emergency Department,2026-06-23,8,0-30,1,1458.99,0.6081,0.9661,0.0703,0.5462,887.22,796.87,212.5
1079,CLM-000951,Medicare,Medicare,Imaging,2026-06-23,8,0-30,1,1739.19,0.5519,0.9095,0.088,0.4578,959.92,796.25,212.33
1080,CLM-020081,Medicare,Medicare,Cardiology,2026-06-30,1,0-30,1,14890.55,0.4928,0.9102,0.0733,0.4157,7338.05,6189.65,206.32
1081,CLM-019116,Humana Medicare Advantage,Medicare Advantage,Laboratory,2026-05-05,57,31-60,2,218.93,0.6244,0.9083,0.1259,0.4958,136.7,108.54,206.22
1082,CLM-011669,Medicare,Medicare,Cardiology,2026-06-22,9,0-30,1,1636.72,0.4928,0.9102,0.0733,0.4157,806.57,680.35,204.1
1083,CLM-011308,Humana Medicare Advantage,Medicare Advantage,Primary Care,2026-06-03,28,0-30,1,446.85,0.5927,0.9071,0.0994,0.4842,264.83,216.36,201.93
1084,CLM-001804,Medicare,Medicare,Laboratory,2026-05-28,34,31-60,2,368.94,0.571,0.9097,0.0722,0.4819,210.66,177.8,201.5
1085,CLM-011392,Medicare,Medicare,Primary Care,2026-05-31,31,31-60,2,422.2,0.5401,0.911,0.0628,0.4612,228.05,194.71,201.2
1086,CLM-002999,Humana Medicare Advantage,Medicare Advantage,Imaging,2026-06-15,16,0-30,1,836.32,0.6027,0.9091,0.1795,0.4496,504.09,376.0,200.54
1087,CLM-019369,Blue Cross Blue Shield,Commercial,Cardiology,2026-06-26,5,0-30,1,2307.43,0.668,0.8959,0.1323,0.5193,1541.36,1198.27,199.71
1088,CLM-021584,UnitedHealthcare,Commercial,Laboratory,2026-05-19,43,31-60,2,241.45,0.7392,0.8893,0.1223,0.577,178.48,139.31,199.68
1089,CLM-000902,UnitedHealthcare,Commercial,Laboratory,2026-05-22,40,31-60,2,257.59,0.7392,0.8893,0.1223,0.577,190.41,148.62,198.16
1090,CLM-007031,UnitedHealthcare,Commercial,Imaging,2026-06-17,14,0-30,1,807.04,0.713,0.8876,0.1687,0.5261,575.4,424.57,198.13
1091,CLM-007320,Self-Pay,Self-Pay,Emergency Department,2026-06-20,11,0-30,1,2799.4,0.9887,0.2027,0.0379,0.1929,2767.87,539.91,197.97
1092,CLM-022627,Medicare,Medicare,Behavioral Health,2026-06-08,23,0-30,1,580.77,0.5254,0.907,0.0745,0.441,305.12,256.13,196.37
1093,CLM-029316,Medicare,Medicare,Emergency Department,2026-06-16,15,0-30,1,875.81,0.5275,0.9108,0.0683,0.4477,462.02,392.07,196.04
1094,CLM-023488,UnitedHealthcare,Commercial,Behavioral Health,2026-06-18,13,0-30,1,893.14,0.6751,0.8889,0.1573,0.5057,602.97,451.65,195.71
1095,CLM-027200,Blue Cross Blue Shield,Commercial,Emergency Department,2026-06-17,14,0-30,1,749.38,0.7136,0.8926,0.1226,0.5589,534.75,418.8,195.44
1096,CLM-024316,Blue Cross Blue Shield,Commercial,Laboratory,2026-05-26,36,31-60,2,267.64,0.7724,0.8932,0.1188,0.6079,206.72,162.71,195.25
1097,CLM-014116,UnitedHealthcare,Commercial,Primary Care,2026-05-30,32,31-60,2,328.89,0.7003,0.8908,0.1119,0.554,230.33,182.21,194.36
1098,CLM-001361,Medicare,Medicare,Cardiology,2026-06-29,2,0-30,1,7007.24,0.4928,0.9102,0.0733,0.4157,3453.16,2912.75,194.18
1099,CLM-021523,Humana Medicare Advantage,Medicare Advantage,Emergency Department,2026-06-20,11,0-30,1,1210.17,0.5773,0.906,0.1694,0.4344,698.61,525.72,192.76
1100,CLM-026157,Humana Medicare Advantage,Medicare Advantage,Emergency Department,2026-06-15,16,0-30,1,827.04,0.5773,0.906,0.1694,0.4344,477.43,359.28,191.61
1101,CLM-011756,Humana Medicare Advantage,Medicare Advantage,Laboratory,2026-05-21,41,31-60,2,282.74,0.6244,0.9083,0.1259,0.4958,176.55,140.17,191.57
1102,CLM-003082,Medicaid,Medicaid,Imaging,2026-06-22,9,0-30,1,1570.69,0.4932,0.9622,0.1437,0.4063,774.62,638.21,191.46
1103,CLM-024114,Medicare,Medicare,Laboratory,2026-05-29,33,31-60,2,361.15,0.571,0.9097,0.0722,0.4819,206.21,174.04,191.45
1104,CLM-000874,Cigna,Commercial,Cardiology,2026-06-21,10,0-30,1,1210.59,0.6311,0.8941,0.162,0.4729,763.97,572.45,190.82
1105,CLM-009137,Aetna,Commercial,Orthopedics,2026-06-30,1,0-30,1,11834.11,0.626,0.8939,0.1374,0.4827,7407.92,5712.13,190.4
1106,CLM-006498,Molina Healthcare,Medicaid Managed Care,Imaging,2026-06-20,11,0-30,1,1267.71,0.5146,0.958,0.1713,0.4085,652.37,517.91,189.9
1107,CLM-011330,Medicaid,Medicaid,Imaging,2026-06-22,9,0-30,1,1552.48,0.4932,0.9622,0.1437,0.4063,765.64,630.81,189.24
1108,CLM-019905,Humana Medicare Advantage,Medicare Advantage,Imaging,2026-06-19,12,0-30,1,1051.05,0.6027,0.9091,0.1795,0.4496,633.51,472.55,189.02
1109,CLM-010723,UnitedHealthcare,Commercial,Primary Care,2026-05-22,40,31-60,2,255.59,0.7003,0.8908,0.1119,0.554,179.0,141.6,188.8
1110,CLM-017392,Medicare,Medicare,Imaging,2026-06-16,15,0-30,1,824.44,0.5519,0.9095,0.088,0.4578,455.04,377.45,188.73
1111,CLM-002765,Medicare,Medicare,Emergency Department,2026-06-27,4,0-30,1,3157.65,0.5275,0.9108,0.0683,0.4477,1665.76,1413.58,188.48
1112,CLM-007158,TRICARE,Military,Primary Care,2026-04-26,66,61-90,3,158.49,0.6186,0.9637,0.094,0.5402,98.05,85.61,188.34
1113,CLM-011061,Molina Healthcare,Medicaid Managed Care,Imaging,2026-05-25,37,31-60,2,373.53,0.5146,0.958,0.1713,0.4085,192.22,152.6,188.21
1114,CLM-017825,Medicaid,Medicaid,Laboratory,2026-04-07,85,61-90,3,152.42,0.5115,0.9624,0.1253,0.4306,77.97,65.64,185.97
1115,CLM-018357,Aetna,Commercial,Emergency Department,2026-06-24,7,0-30,1,1476.45,0.6916,0.8933,0.1305,0.5372,1021.04,793.08,185.05
1116,CLM-004117,Medicare,Medicare,Imaging,2026-06-16,15,0-30,1,805.82,0.5519,0.9095,0.088,0.4578,444.76,368.93,184.46
1117,CLM-004796,Medicaid,Medicaid,Surgery,2026-06-30,1,0-30,1,15813.26,0.4102,0.963,0.1141,0.3499,6486.47,5533.79,184.46
1118,CLM-013635,Medicaid,Medicaid,Imaging,2026-06-24,7,0-30,1,1943.48,0.4932,0.9622,0.1437,0.4063,958.47,789.68,184.26
1119,CLM-023703,Self-Pay,Self-Pay,Emergency Department,2026-05-28,34,31-60,2,842.64,0.9887,0.2027,0.0379,0.1929,833.15,162.52,184.19
1120,CLM-023414,Medicare,Medicare,OB/GYN,2026-06-28,3,0-30,1,4227.95,0.5041,0.9072,0.0511,0.4339,2131.32,1834.68,183.47
1121,CLM-005171,UnitedHealthcare,Commercial,Imaging,2026-06-22,9,0-30,1,1161.16,0.713,0.8876,0.1687,0.5261,827.87,610.87,183.26
1122,CLM-002522,Cigna,Commercial,Laboratory,2026-06-09,22,0-30,1,431.08,0.7266,0.8894,0.1068,0.5772,313.22,248.83,182.47
1123,CLM-024031,Humana Medicare Advantage,Medicare Advantage,Laboratory,2026-06-12,19,0-30,1,580.3,0.6244,0.9083,0.1259,0.4958,362.35,287.69,182.2
1124,CLM-019704,Aetna,Commercial,Surgery,2026-06-28,3,0-30,1,3817.43,0.6037,0.8928,0.121,0.4738,2304.69,1808.58,180.86
1125,CLM-016568,Blue Cross Blue Shield,Commercial,Primary Care,2026-06-03,28,0-30,1,330.86,0.7321,0.8927,0.1047,0.5852,242.22,193.61,180.7
1126,CLM-018376,Blue Cross Blue Shield,Commercial,Laboratory,2026-06-20,11,0-30,1,808.7,0.7724,0.8932,0.1188,0.6079,624.62,491.65,180.27
1127,CLM-021811,Medicare,Medicare,Emergency Department,2026-06-12,19,0-30,1,635.12,0.5275,0.9108,0.0683,0.4477,335.05,284.32,180.07
1128,CLM-019616,Medicaid,Medicaid,Orthopedics,2026-06-28,3,0-30,1,5162.54,0.427,0.9623,0.1511,0.3488,2204.15,1800.63,180.06
1129,CLM-011309,Aetna,Commercial,Laboratory,2026-06-05,26,0-30,1,337.18,0.7492,0.8943,0.0813,0.6155,252.62,207.54,179.87
1130,CLM-017717,Blue Cross Blue Shield,Commercial,Laboratory,2026-05-18,44,31-60,2,200.58,0.7724,0.8932,0.1188,0.6079,154.92,121.94,178.85
1131,CLM-014041,Medicare,Medicare,Emergency Department,2026-06-24,7,0-30,1,1711.88,0.5275,0.9108,0.0683,0.4477,903.07,766.36,178.82
1132,CLM-010105,Aetna,Commercial,Imaging,2026-06-13,18,0-30,1,541.55,0.7234,0.8925,0.1502,0.5486,391.73,297.1,178.26
1133,CLM-027385,Humana Medicare Advantage,Medicare Advantage,Laboratory,2026-06-08,23,0-30,1,468.75,0.6244,0.9083,0.1259,0.4958,292.69,232.39,178.16
1134,CLM-003783,TRICARE,Military,OB/GYN,2026-06-22,9,0-30,1,1141.01,0.5897,0.9701,0.0918,0.5196,672.9,592.82,177.85
1135,CLM-007438,Medicaid,Medicaid,Imaging,2026-06-22,9,0-30,1,1448.69,0.4932,0.9622,0.1437,0.4063,714.46,588.64,176.59
1136,CLM-029856,Medicare,Medicare,Imaging,2026-06-24,7,0-30,1,1646.54,0.5519,0.9095,0.088,0.4578,908.78,753.84,175.9
1137,CLM-012743,Medicare,Medicare,Primary Care,2026-04-11,81,61-90,3,141.14,0.5401,0.911,0.0628,0.4612,76.24,65.09,175.74
1138,CLM-022729,Cigna,Commercial,Laboratory,2026-05-11,51,31-60,2,178.78,0.7266,0.8894,0.1068,0.5772,129.9,103.2,175.43
1139,CLM-019819,Blue Cross Blue Shield,Commercial,Behavioral Health,2026-06-14,17,0-30,1,550.96,0.7059,0.8944,0.111,0.5612,388.9,309.22,175.22
1140,CLM-029035,Medicare,Medicare,Emergency Department,2026-06-19,12,0-30,1,972.71,0.5275,0.9108,0.0683,0.4477,513.14,435.45,174.18
1141,CLM-020497,Medicare,Medicare,Laboratory,2026-06-01,30,0-30,1,360.08,0.571,0.9097,0.0722,0.4819,205.6,173.53,173.53
1142,CLM-013013,Aetna,Commercial,Imaging,2026-06-16,15,0-30,1,628.64,0.7234,0.8925,0.1502,0.5486,454.73,344.88,172.44
1143,CLM-027591,Blue Cross Blue Shield,Commercial,OB/GYN,2026-06-28,3,0-30,1,3312.44,0.6819,0.8872,0.1398,0.5204,2258.75,1723.78,172.38
1144,CLM-029187,Humana Medicare Advantage,Medicare Advantage,Emergency Department,2026-06-25,6,0-30,1,1983.83,0.5773,0.906,0.1694,0.4344,1145.22,861.8,172.36
1145,CLM-010363,Medicaid,Medicaid,Laboratory,2026-05-28,34,31-60,2,352.48,0.5115,0.9624,0.1253,0.4306,180.31,151.79,172.03
1146,CLM-029333,Blue Cross Blue Shield,Commercial,Primary Care,2026-06-14,17,0-30,1,515.89,0.7321,0.8927,0.1047,0.5852,377.68,301.88,171.06
1147,CLM-021545,Humana Medicare Advantage,Medicare Advantage,Laboratory,2026-06-12,19,0-30,1,544.66,0.6244,0.9083,0.1259,0.4958,340.09,270.02,171.01
1148,CLM-006211,Blue Cross Blue Shield,Commercial,Primary Care,2026-06-07,24,0-30,1,365.18,0.7321,0.8927,0.1047,0.5852,267.35,213.69,170.95
1149,CLM-010792,Aetna,Commercial,Laboratory,2026-06-02,29,0-30,1,287.03,0.7492,0.8943,0.0813,0.6155,215.05,176.68,170.79
1150,CLM-000313,Aetna,Commercial,Imaging,2026-06-26,5,0-30,1,1863.63,0.7234,0.8925,0.1502,0.5486,1348.06,1022.4,170.4
1151,CLM-028185,Medicare,Medicare,Cardiology,2026-06-12,19,0-30,1,647.13,0.4928,0.9102,0.0733,0.4157,318.91,269.0,170.36
1152,CLM-014381,Humana Medicare Advantage,Medicare Advantage,Laboratory,2026-05-28,34,31-60,2,302.6,0.6244,0.9083,0.1259,0.4958,188.95,150.02,170.02
1153,CLM-000989,Aetna,Commercial,Laboratory,2026-06-08,23,0-30,1,355.77,0.7492,0.8943,0.0813,0.6155,266.55,218.99,167.89
1154,CLM-020900,Humana Medicare Advantage,Medicare Advantage,Laboratory,2026-06-17,14,0-30,1,721.59,0.6244,0.9083,0.1259,0.4958,450.57,357.73,166.94
1155,CLM-025867,State Workers' Compensation,Workers' Comp,Primary Care,2026-06-16,15,0-30,1,438.82,0.8664,0.9702,0.0951,0.7607,380.19,333.79,166.9
1156,CLM-011165,Blue Cross Blue Shield,Commercial,Emergency Department,2026-06-21,10,0-30,1,894.54,0.7136,0.8926,0.1226,0.5589,638.33,499.92,166.64
1157,CLM-009050,Medicare,Medicare,Emergency Department,2026-06-16,15,0-30,1,742.79,0.5275,0.9108,0.0683,0.4477,391.85,332.52,166.26
1158,CLM-026938,Medicare,Medicare,Emergency Department,2026-06-22,9,0-30,1,1228.34,0.5275,0.9108,0.0683,0.4477,647.99,549.89,164.97
1159,CLM-018508,Medicaid,Medicaid,Emergency Department,2026-06-19,12,0-30,1,1073.84,0.4726,0.9636,0.1567,0.384,507.5,412.41,164.96
1160,CLM-025884,Medicare,Medicare,Laboratory,2026-05-29,33,31-60,2,310.12,0.571,0.9097,0.0722,0.4819,177.08,149.45,164.39
1161,CLM-014494,Self-Pay,Self-Pay,Imaging,2026-05-24,38,31-60,2,689.25,0.9897,0.1954,0.0267,0.1882,682.18,129.75,164.35
1162,CLM-007921,Medicare,Medicare,Emergency Department,2026-06-20,11,0-30,1,999.66,0.5275,0.9108,0.0683,0.4477,527.35,447.52,164.09
1163,CLM-000410,Humana Medicare Advantage,Medicare Advantage,Emergency Department,2026-06-20,11,0-30,1,1025.02,0.5773,0.906,0.1694,0.4344,591.72,445.28,163.27
1164,CLM-029043,Molina Healthcare,Medicaid Managed Care,Laboratory,2026-05-17,45,31-60,2,251.31,0.5329,0.9578,0.1514,0.4331,133.92,108.85,163.27
1165,CLM-026298,TRICARE,Military,Laboratory,2026-05-10,52,31-60,2,173.41,0.6515,0.9656,0.1376,0.5425,112.97,94.07,163.06
1166,CLM-019443,UnitedHealthcare,Commercial,Emergency Department,2026-06-25,6,0-30,1,1564.95,0.6821,0.8882,0.1411,0.5203,1067.43,814.29,162.86
1167,CLM-005640,Medicare,Medicare,Imaging,2026-06-16,15,0-30,1,708.66,0.5519,0.9095,0.088,0.4578,391.13,324.45,162.22
1168,CLM-019223,Aetna,Commercial,Laboratory,2026-05-31,31,31-60,2,254.46,0.7492,0.8943,0.0813,0.6155,190.65,156.63,161.85
1169,CLM-027239,Medicare,Medicare,Imaging,2026-05-01,61,61-90,3,172.04,0.5519,0.9095,0.088,0.4578,94.95,78.77,160.16
1170,CLM-028879,Medicaid,Medicaid,Oncology,2026-06-30,1,0-30,1,13566.91,0.4189,0.9628,0.1232,0.3536,5683.28,4797.66,159.92
1171,CLM-026799,Humana Medicare Advantage,Medicare Advantage,Primary Care,2026-05-31,31,31-60,2,317.6,0.5927,0.9071,0.0994,0.4842,188.23,153.78,158.9
1172,CLM-018273,Cigna,Commercial,Laboratory,2026-06-06,25,0-30,1,330.29,0.7266,0.8894,0.1068,0.5772,239.99,190.65,158.88
1173,CLM-023017,Cigna,Commercial,Laboratory,2026-06-04,27,0-30,1,303.56,0.7266,0.8894,0.1068,0.5772,220.57,175.22,157.7
1174,CLM-018169,Humana Medicare Advantage,Medicare Advantage,Emergency Department,2026-06-22,9,0-30,1,1197.89,0.5773,0.906,0.1694,0.4344,691.52,520.38,156.11
1175,CLM-013048,Cigna,Commercial,Laboratory,2026-05-22,40,31-60,2,202.2,0.7266,0.8894,0.1068,0.5772,146.92,116.71,155.62
1176,CLM-006276,Humana Medicare Advantage,Medicare Advantage,Primary Care,2026-05-28,34,31-60,2,282.37,0.5927,0.9071,0.0994,0.4842,167.35,136.72,154.95
1177,CLM-029695,Humana Medicare Advantage,Medicare Advantage,Emergency Department,2026-06-18,13,0-30,1,818.44,0.5773,0.906,0.1694,0.4344,472.47,355.54,154.07
1178,CLM-004647,Medicare,Medicare,Imaging,2026-06-21,10,0-30,1,1006.01,0.5519,0.9095,0.088,0.4578,555.25,460.58,153.53
1179,CLM-029496,Humana Medicare Advantage,Medicare Advantage,Emergency Department,2026-06-27,4,0-30,1,2648.44,0.5773,0.906,0.1694,0.4344,1528.89,1150.52,153.4
1180,CLM-013530,Molina Healthcare,Medicaid Managed Care,Emergency Department,2026-06-18,13,0-30,1,904.22,0.4933,0.9566,0.1726,0.3904,446.03,353.03,152.98
1181,CLM-020997,Medicaid,Medicaid,Primary Care,2026-06-07,24,0-30,1,460.87,0.4852,0.963,0.1179,0.4122,223.62,189.96,151.97
1182,CLM-008753,UnitedHealthcare,Commercial,Primary Care,2026-06-11,20,0-30,1,409.39,0.7003,0.8908,0.1119,0.554,286.71,226.81,151.2
1183,CLM-005242,Medicare,Medicare,Emergency Department,2026-06-18,13,0-30,1,779.08,0.5275,0.9108,0.0683,0.4477,410.99,348.77,151.13
1184,CLM-014478,Medicare,Medicare,Primary Care,2026-05-18,44,31-60,2,222.97,0.5401,0.911,0.0628,0.4612,120.44,102.83,150.81
1185,CLM-016674,UnitedHealthcare,Commercial,Emergency Department,2026-06-18,13,0-30,1,664.85,0.6821,0.8882,0.1411,0.5203,453.49,345.94,149.91
1186,CLM-029260,Medicare,Medicare,Laboratory,2026-05-22,40,31-60,2,232.3,0.571,0.9097,0.0722,0.4819,132.64,111.95,149.26
1187,CLM-004063,Cigna,Commercial,Imaging,2026-06-16,15,0-30,1,604.15,0.7012,0.8886,0.2119,0.4911,423.62,296.67,148.34
1188,CLM-002082,Molina Healthcare,Medicaid Managed Care,Imaging,2026-06-25,6,0-30,1,1815.12,0.5146,0.958,0.1713,0.4085,934.06,741.55,148.31
1189,CLM-022099,Self-Pay,Self-Pay,Emergency Department,2026-06-13,18,0-30,1,1276.1,0.9887,0.2027,0.0379,0.1929,1261.73,246.12,147.67
1190,CLM-009751,Cigna,Commercial,Laboratory,2026-06-14,17,0-30,1,450.11,0.7266,0.8894,0.1068,0.5772,327.05,259.81,147.23
1191,CLM-015857,Humana Medicare Advantage,Medicare Advantage,Laboratory,2026-05-29,33,31-60,2,269.15,0.6244,0.9083,0.1259,0.4958,168.06,133.43,146.78
1192,CLM-028747,TRICARE,Military,Primary Care,2026-06-22,9,0-30,1,903.35,0.6186,0.9637,0.094,0.5402,558.84,487.95,146.38
1193,CLM-014186,Humana Medicare Advantage,Medicare Advantage,Primary Care,2026-06-14,17,0-30,1,532.05,0.5927,0.9071,0.0994,0.4842,315.33,257.61,145.98
1194,CLM-029847,Aetna,Commercial,Emergency Department,2026-06-26,5,0-30,1,1626.89,0.6916,0.8933,0.1305,0.5372,1125.08,873.89,145.65
1195,CLM-018180,Humana Medicare Advantage,Medicare Advantage,Laboratory,2026-06-02,29,0-30,1,303.84,0.6244,0.9083,0.1259,0.4958,189.72,150.63,145.61
1196,CLM-021000,Aetna,Commercial,Imaging,2026-06-06,25,0-30,1,318.25,0.7234,0.8925,0.1502,0.5486,230.21,174.59,145.5
1197,CLM-000517,Cigna,Commercial,Imaging,2026-06-22,9,0-30,1,987.28,0.7012,0.8886,0.2119,0.4911,692.27,484.81,145.44
1198,CLM-028046,Medicare,Medicare,Primary Care,2026-06-05,26,0-30,1,362.14,0.5401,0.911,0.0628,0.4612,195.61,167.01,144.74
1199,CLM-027912,Humana Medicare Advantage,Medicare Advantage,Primary Care,2026-06-13,18,0-30,1,497.45,0.5927,0.9071,0.0994,0.4842,294.82,240.86,144.51
1200,CLM-004045,UnitedHealthcare,Commercial,Emergency Department,2026-06-20,11,0-30,1,754.23,0.6821,0.8882,0.1411,0.5203,514.45,392.45,143.9
1201,CLM-019049,Humana Medicare Advantage,Medicare Advantage,Laboratory,2026-05-30,32,31-60,2,269.04,0.6244,0.9083,0.1259,0.4958,167.99,133.38,142.27
1202,CLM-001264,Cigna,Commercial,Laboratory,2026-05-26,36,31-60,2,204.07,0.7266,0.8894,0.1068,0.5772,148.28,117.79,141.35
1203,CLM-007240,Blue Cross Blue Shield,Commercial,Laboratory,2026-06-13,18,0-30,1,384.7,0.7724,0.8932,0.1188,0.6079,297.13,233.88,140.33
1204,CLM-018784,Medicare,Medicare,OB/GYN,2026-06-28,3,0-30,1,3224.85,0.5041,0.9072,0.0511,0.4339,1625.66,1399.39,139.94
1205,CLM-001166,UnitedHealthcare,Commercial,Laboratory,2026-06-16,15,0-30,1,485.06,0.7392,0.8893,0.1223,0.577,358.56,279.87,139.93
1206,CLM-029102,Medicare,Medicare,Laboratory,2026-06-12,19,0-30,1,457.71,0.571,0.9097,0.0722,0.4819,261.35,220.57,139.7
1207,CLM-013227,Humana Medicare Advantage,Medicare Advantage,Primary Care,2026-06-16,15,0-30,1,576.65,0.5927,0.9071,0.0994,0.4842,341.76,279.2,139.6
1208,CLM-025163,Humana Medicare Advantage,Medicare Advantage,Laboratory,2026-05-27,35,31-60,2,241.21,0.6244,0.9083,0.1259,0.4958,150.62,119.58,139.51
1209,CLM-023083,Humana Medicare Advantage,Medicare Advantage,Cardiology,2026-06-17,14,0-30,1,727.02,0.5408,0.908,0.1628,0.4112,393.19,298.92,139.49
1210,CLM-001060,Blue Cross Blue Shield,Commercial,Behavioral Health,2026-06-21,10,0-30,1,743.74,0.7059,0.8944,0.111,0.5612,524.97,417.41,139.14
1211,CLM-006235,Medicare,Medicare,Imaging,2026-06-25,6,0-30,1,1519.02,0.5519,0.9095,0.088,0.4578,838.4,695.45,139.09
1212,CLM-019785,Self-Pay,Self-Pay,Laboratory,2026-01-20,162,120+,5,135.57,0.9896,0.2035,0.0584,0.1896,134.16,25.71,138.84
1213,CLM-011758,Blue Cross Blue Shield,Commercial,Primary Care,2026-06-14,17,0-30,1,418.19,0.7321,0.8927,0.1047,0.5852,306.16,244.71,138.67
1214,CLM-010261,Molina Healthcare,Medicaid Managed Care,Primary Care,2026-06-13,18,0-30,1,553.32,0.5063,0.9594,0.1424,0.4165,280.14,230.48,138.29
1215,CLM-019458,Blue Cross Blue Shield,Commercial,Primary Care,2026-06-20,11,0-30,1,643.39,0.7321,0.8927,0.1047,0.5852,471.02,376.49,138.05
1216,CLM-022780,Molina Healthcare,Medicaid Managed Care,Primary Care,2026-05-21,41,31-60,2,242.48,0.5063,0.9594,0.1424,0.4165,122.76,101.0,138.04
1217,CLM-003374,Aetna,Commercial,Emergency Department,2026-06-23,8,0-30,1,962.8,0.6916,0.8933,0.1305,0.5372,665.83,517.17,137.91
1218,CLM-006656,UnitedHealthcare,Commercial,Laboratory,2026-06-15,16,0-30,1,447.89,0.7392,0.8893,0.1223,0.577,331.08,258.42,137.82
1219,CLM-001572,Humana Medicare Advantage,Medicare Advantage,Emergency Department,2026-06-20,11,0-30,1,856.72,0.5773,0.906,0.1694,0.4344,494.57,372.17,136.46
1220,CLM-029137,Humana Medicare Advantage,Medicare Advantage,Laboratory,2026-06-18,13,0-30,1,632.19,0.6244,0.9083,0.1259,0.4958,394.75,313.41,135.81
1221,CLM-014935,Blue Cross Blue Shield,Commercial,Imaging,2026-06-24,7,0-30,1,1020.99,0.7463,0.8925,0.1448,0.5697,762.01,581.64,135.72
1222,CLM-009622,Cigna,Commercial,Laboratory,2026-05-12,50,31-60,2,140.74,0.7266,0.8894,0.1068,0.5772,102.26,81.24,135.4
1223,CLM-016529,Humana Medicare Advantage,Medicare Advantage,Laboratory,2026-06-02,29,0-30,1,282.52,0.6244,0.9083,0.1259,0.4958,176.41,140.06,135.39
1224,CLM-029346,Cigna,Commercial,Behavioral Health,2026-06-12,19,0-30,1,394.56,0.6657,0.8826,0.0868,0.5366,262.66,211.7,134.08
1225,CLM-003821,Medicaid,Medicaid,Primary Care,2026-06-02,29,0-30,1,336.05,0.4852,0.963,0.1179,0.4122,163.05,138.51,133.89
1226,CLM-010866,Cigna,Commercial,Surgery,2026-06-29,2,0-30,1,4560.46,0.5886,0.8884,0.1583,0.4401,2684.15,2007.12,133.81
1227,CLM-014163,UnitedHealthcare,Commercial,Emergency Department,2026-06-28,3,0-30,1,2569.09,0.6821,0.8882,0.1411,0.5203,1752.35,1336.77,133.68
1228,CLM-002085,Self-Pay,Self-Pay,Imaging,2026-06-16,15,0-30,1,1419.54,0.9897,0.1954,0.0267,0.1882,1404.98,267.22,133.61
1229,CLM-029657,Medicare,Medicare,Laboratory,2026-04-20,72,61-90,3,114.94,0.571,0.9097,0.0722,0.4819,65.63,55.39,132.94
1230,CLM-028915,Humana Medicare Advantage,Medicare Advantage,Laboratory,2026-05-22,40,31-60,2,201.07,0.6244,0.9083,0.1259,0.4958,125.55,99.68,132.91
1231,CLM-024298,Medicare,Medicare,Oncology,2026-06-29,2,0-30,1,5130.73,0.4637,0.9074,0.0783,0.3878,2378.93,1989.78,132.65
1232,CLM-017176,Humana Medicare Advantage,Medicare Advantage,Primary Care,2026-06-08,23,0-30,1,357.07,0.5927,0.9071,0.0994,0.4842,211.62,172.89,132.55
1233,CLM-021068,UnitedHealthcare,Commercial,Laboratory,2026-06-05,26,0-30,1,263.96,0.7392,0.8893,0.1223,0.577,195.12,152.3,131.99
1234,CLM-011283,Blue Cross Blue Shield,Commercial,Emergency Department,2026-06-25,6,0-30,1,1180.02,0.7136,0.8926,0.1226,0.5589,842.05,659.46,131.89
1235,CLM-006732,Medicaid,Medicaid,Oncology,2026-06-30,1,0-30,1,11174.81,0.4189,0.9628,0.1232,0.3536,4681.22,3951.74,131.72
1236,CLM-022403,Blue Cross Blue Shield,Commercial,Laboratory,2026-06-04,27,0-30,1,237.93,0.7724,0.8932,0.1188,0.6079,183.77,144.65,130.18
1237,CLM-010036,Medicare,Medicare,Primary Care,2026-06-12,19,0-30,1,444.44,0.5401,0.911,0.0628,0.4612,240.06,204.96,129.81
1238,CLM-024717,Cigna,Commercial,Primary Care,2026-06-16,15,0-30,1,467.5,0.6888,0.8904,0.1006,0.5516,322.03,257.88,128.94
1239,CLM-013545,UnitedHealthcare,Commercial,Primary Care,2026-06-21,10,0-30,1,697.83,0.7003,0.8908,0.1119,0.554,488.71,386.6,128.87
1240,CLM-006380,Molina Healthcare,Medicaid Managed Care,Surgery,2026-06-26,5,0-30,1,2317.71,0.435,0.9607,0.2035,0.3329,1008.18,771.5,128.58
1241,CLM-021039,Molina Healthcare,Medicaid Managed Care,Primary Care,2026-05-31,31,31-60,2,296.68,0.5063,0.9594,0.1424,0.4165,150.2,123.58,127.7
1242,CLM-023595,Molina Healthcare,Medicaid Managed Care,Laboratory,2026-06-03,28,0-30,1,314.6,0.5329,0.9578,0.1514,0.4331,167.65,136.26,127.18
1243,CLM-006028,Medicare,Medicare,Surgery,2026-06-28,3,0-30,1,3278.92,0.4551,0.9122,0.0734,0.3847,1492.29,1261.42,126.14
1244,CLM-018247,Medicare,Medicare,Laboratory,2026-06-08,23,0-30,1,341.28,0.571,0.9097,0.0722,0.4819,194.87,164.47,126.09
1245,CLM-029030,Medicare,Medicare,Primary Care,2026-06-07,24,0-30,1,339.39,0.5401,0.911,0.0628,0.4612,183.32,156.52,125.21
1246,CLM-008562,Blue Cross Blue Shield,Commercial,Primary Care,2026-06-13,18,0-30,1,355.64,0.7321,0.8927,0.1047,0.5852,260.36,208.11,124.86
1247,CLM-003339,Humana Medicare Advantage,Medicare Advantage,Laboratory,2026-06-12,19,0-30,1,396.04,0.6244,0.9083,0.1259,0.4958,247.29,196.34,124.35
1248,CLM-024373,UnitedHealthcare,Commercial,Primary Care,2026-06-11,20,0-30,1,335.6,0.7003,0.8908,0.1119,0.554,235.03,185.93,123.95
1249,CLM-005920,Humana Medicare Advantage,Medicare Advantage,Laboratory,2026-06-07,24,0-30,1,309.72,0.6244,0.9083,0.1259,0.4958,193.39,153.55,122.84
1250,CLM-005970,Medicaid,Medicaid,Imaging,2026-06-23,8,0-30,1,1131.5,0.4932,0.9622,0.1437,0.4063,558.03,459.76,122.6
1251,CLM-002217,UnitedHealthcare,Commercial,Laboratory,2026-06-06,25,0-30,1,254.79,0.7392,0.8893,0.1223,0.577,188.34,147.01,122.51
1252,CLM-020858,UnitedHealthcare,Commercial,Laboratory,2026-06-12,19,0-30,1,333.4,0.7392,0.8893,0.1223,0.577,246.45,192.36,121.83
1253,CLM-009891,Blue Cross Blue Shield,Commercial,Behavioral Health,2026-06-24,7,0-30,1,928.95,0.7059,0.8944,0.111,0.5612,655.71,521.36,121.65
1254,CLM-013215,Humana Medicare Advantage,Medicare Advantage,Emergency Department,2026-06-28,3,0-30,1,2794.9,0.5773,0.906,0.1694,0.4344,1613.44,1214.14,121.41
1255,CLM-021101,Cigna,Commercial,Laboratory,2026-06-14,17,0-30,1,371.14,0.7266,0.8894,0.1068,0.5772,269.67,214.23,121.4
1256,CLM-017246,Molina Healthcare,Medicaid Managed Care,Primary Care,2026-06-20,11,0-30,1,788.24,0.5063,0.9594,0.1424,0.4165,399.07,328.33,120.39
1257,CLM-008077,Humana Medicare Advantage,Medicare Advantage,Laboratory,2026-05-24,38,31-60,2,191.62,0.6244,0.9083,0.1259,0.4958,119.65,95.0,120.33
1258,CLM-011095,Blue Cross Blue Shield,Commercial,Imaging,2026-06-26,5,0-30,1,1258.27,0.7463,0.8925,0.1448,0.5697,939.1,716.81,119.47
1259,CLM-017247,Aetna,Commercial,Imaging,2026-06-22,9,0-30,1,725.52,0.7234,0.8925,0.1502,0.5486,524.81,398.03,119.41
1260,CLM-014512,Medicaid,Medicaid,Imaging,2026-06-15,16,0-30,1,548.71,0.4932,0.9622,0.1437,0.4063,270.61,222.95,118.91
1261,CLM-004309,Medicare,Medicare,Surgery,2026-06-30,1,0-30,1,9231.11,0.4551,0.9122,0.0734,0.3847,4201.23,3551.25,118.38
1262,CLM-025997,Blue Cross Blue Shield,Commercial,Behavioral Health,2026-06-20,11,0-30,1,574.09,0.7059,0.8944,0.111,0.5612,405.23,322.2,118.14
1263,CLM-028670,Self-Pay,Self-Pay,Cardiology,2026-06-18,13,0-30,1,1426.59,0.9768,0.2011,0.0279,0.191,1393.51,272.41,118.04
1264,CLM-023357,Humana Medicare Advantage,Medicare Advantage,Imaging,2026-05-17,45,31-60,2,173.51,0.6027,0.9091,0.1795,0.4496,104.58,78.01,117.01
1265,CLM-012908,Cigna,Commercial,Primary Care,2026-06-22,9,0-30,1,704.03,0.6888,0.8904,0.1006,0.5516,484.95,388.36,116.51
1266,CLM-009107,Aetna,Commercial,Laboratory,2026-05-30,32,31-60,2,177.29,0.7492,0.8943,0.0813,0.6155,132.83,109.13,116.4
1267,CLM-003901,TRICARE,Military,Laboratory,2026-06-12,19,0-30,1,336.79,0.6515,0.9656,0.1376,0.5425,219.41,182.71,115.71
1268,CLM-029507,Self-Pay,Self-Pay,Laboratory,2026-05-13,49,31-60,2,373.19,0.9896,0.2035,0.0584,0.1896,369.31,70.77,115.6
1269,CLM-002225,Self-Pay,Self-Pay,Laboratory,2026-04-13,79,61-90,3,230.52,0.9896,0.2035,0.0584,0.1896,228.13,43.72,115.12
1270,CLM-025902,Humana Medicare Advantage,Medicare Advantage,Primary Care,2026-06-10,21,0-30,1,339.55,0.5927,0.9071,0.0994,0.4842,201.24,164.4,115.08
1271,CLM-008143,Medicare,Medicare,OB/GYN,2026-06-29,2,0-30,1,3977.21,0.5041,0.9072,0.0511,0.4339,2004.93,1725.87,115.06
1272,CLM-022713,Medicare,Medicare,Imaging,2026-06-26,5,0-30,1,1506.51,0.5519,0.9095,0.088,0.4578,831.5,689.73,114.95
1273,CLM-012168,Cigna,Commercial,OB/GYN,2026-06-26,5,0-30,1,1400.36,0.6427,0.8919,0.1475,0.4887,900.06,684.33,114.06
1274,CLM-023963,Self-Pay,Self-Pay,Primary Care,2026-05-18,44,31-60,2,394.07,0.9877,0.2035,0.0199,0.197,389.21,77.64,113.88
1275,CLM-025737,Self-Pay,Self-Pay,Behavioral Health,2026-05-26,36,31-60,2,493.16,0.981,0.2031,0.0349,0.1923,483.81,94.83,113.8
1276,CLM-023247,Medicaid,Medicaid,Primary Care,2026-06-11,20,0-30,1,413.84,0.4852,0.963,0.1179,0.4122,200.8,170.57,113.72
1277,CLM-016306,Cigna,Commercial,Imaging,2026-06-26,5,0-30,1,1387.37,0.7012,0.8886,0.2119,0.4911,972.81,681.28,113.55
1278,CLM-028192,Medicaid,Medicaid,Emergency Department,2026-06-25,6,0-30,1,1474.45,0.4726,0.9636,0.1567,0.384,696.83,566.26,113.25
1279,CLM-013221,Humana Medicare Advantage,Medicare Advantage,Surgery,2026-06-30,1,0-30,1,8692.69,0.5031,0.9081,0.1465,0.3899,4373.08,3389.4,112.98
1280,CLM-029653,Humana Medicare Advantage,Medicare Advantage,Orthopedics,2026-06-24,7,0-30,1,1218.73,0.5212,0.9087,0.1667,0.3947,635.18,481.01,112.24
1281,CLM-011147,Medicare,Medicare,Primary Care,2026-05-29,33,31-60,2,220.84,0.5401,0.911,0.0628,0.4612,119.28,101.85,112.03
1282,CLM-005493,Medicaid,Medicaid,Oncology,2026-06-29,2,0-30,1,4735.74,0.4189,0.9628,0.1232,0.3536,1983.84,1674.7,111.65
1283,CLM-027105,Cigna,Commercial,Laboratory,2026-06-19,12,0-30,1,481.3,0.7266,0.8894,0.1068,0.5772,349.71,277.82,111.13
1284,CLM-022654,Medicare,Medicare,Primary Care,2026-06-02,29,0-30,1,249.27,0.5401,0.911,0.0628,0.4612,134.64,114.96,111.12
1285,CLM-002463,Medicaid,Medicaid,Primary Care,2026-06-19,12,0-30,1,668.29,0.4852,0.963,0.1179,0.4122,324.26,275.45,110.18
1286,CLM-014115,Humana Medicare Advantage,Medicare Advantage,Primary Care,2026-06-10,21,0-30,1,324.68,0.5927,0.9071,0.0994,0.4842,192.43,157.2,110.04
1287,CLM-015202,UnitedHealthcare,Commercial,Imaging,2026-06-12,19,0-30,1,328.72,0.713,0.8876,0.1687,0.5261,234.37,172.94,109.53
1288,CLM-021936,Medicare,Medicare,Cardiology,2026-06-30,1,0-30,1,7871.02,0.4928,0.9102,0.0733,0.4157,3878.83,3271.8,109.06
1289,CLM-023950,Humana Medicare Advantage,Medicare Advantage,Emergency Department,2026-06-23,8,0-30,1,934.56,0.5773,0.906,0.1694,0.4344,539.5,405.99,108.26
1290,CLM-022392,Molina Healthcare,Medicaid Managed Care,Imaging,2026-06-26,5,0-30,1,1574.23,0.5146,0.958,0.1713,0.4085,810.1,643.14,107.19
1291,CLM-006763,Humana Medicare Advantage,Medicare Advantage,Imaging,2026-06-22,9,0-30,1,790.17,0.6027,0.9091,0.1795,0.4496,476.27,355.26,106.58
1292,CLM-013907,Cigna,Commercial,Emergency Department,2026-06-28,3,0-30,1,2060.89,0.6704,0.8882,0.1375,0.5136,1381.59,1058.39,105.84
1293,CLM-019628,Blue Cross Blue Shield,Commercial,Laboratory,2026-06-13,18,0-30,1,288.62,0.7724,0.8932,0.1188,0.6079,222.92,175.47,105.28
1294,CLM-019700,Humana Medicare Advantage,Medicare Advantage,Laboratory,2026-06-03,28,0-30,1,227.33,0.6244,0.9083,0.1259,0.4958,141.95,112.7,105.19
1295,CLM-027757,UnitedHealthcare,Commercial,Primary Care,2026-06-17,14,0-30,1,403.97,0.7003,0.8908,0.1119,0.554,282.91,223.8,104.44
1296,CLM-024681,Medicare,Medicare,Laboratory,2026-06-06,25,0-30,1,259.95,0.571,0.9097,0.0722,0.4819,148.43,125.27,104.39
1297,CLM-010180,Medicare,Medicare,Laboratory,2026-06-19,12,0-30,1,538.68,0.571,0.9097,0.0722,0.4819,307.58,259.6,103.84
1298,CLM-018564,Aetna,Commercial,Laboratory,2026-06-03,28,0-30,1,179.28,0.7492,0.8943,0.0813,0.6155,134.32,110.35,103.0
1299,CLM-021717,Molina Healthcare,Medicaid Managed Care,Imaging,2026-06-15,16,0-30,1,472.17,0.5146,0.958,0.1713,0.4085,242.98,192.9,102.88
1300,CLM-023671,Medicare,Medicare,Primary Care,2026-06-18,13,0-30,1,512.71,0.5401,0.911,0.0628,0.4612,276.94,236.45,102.46
1301,CLM-009805,Cigna,Commercial,Primary Care,2026-06-19,12,0-30,1,463.59,0.6888,0.8904,0.1006,0.5516,319.33,255.73,102.29
1302,CLM-019623,Medicare,Medicare,Cardiology,2026-06-29,2,0-30,1,3688.9,0.4928,0.9102,0.0733,0.4157,1817.89,1533.39,102.23
1303,CLM-014293,Molina Healthcare,Medicaid Managed Care,Imaging,2026-06-24,7,0-30,1,1067.84,0.5146,0.958,0.1713,0.4085,549.51,436.26,101.79
1304,CLM-025132,UnitedHealthcare,Commercial,OB/GYN,2026-06-29,2,0-30,1,3059.8,0.652,0.8905,0.1422,0.4981,1995.06,1523.99,101.6
1305,CLM-020000,Medicare,Medicare,Primary Care,2026-06-15,16,0-30,1,410.65,0.5401,0.911,0.0628,0.4612,221.81,189.38,101.0
1306,CLM-026380,Medicare,Medicare,Imaging,2026-06-24,7,0-30,1,944.34,0.5519,0.9095,0.088,0.4578,521.21,432.35,100.88
1307,CLM-024856,Humana Medicare Advantage,Medicare Advantage,Imaging,2026-06-28,3,0-30,1,2243.67,0.6027,0.9091,0.1795,0.4496,1352.36,1008.74,100.87
1308,CLM-010252,Humana Medicare Advantage,Medicare Advantage,Laboratory,2026-06-05,26,0-30,1,233.11,0.6244,0.9083,0.1259,0.4958,145.56,115.57,100.16
1309,CLM-004524,Medicare,Medicare,Laboratory,2026-06-16,15,0-30,1,410.85,0.571,0.9097,0.0722,0.4819,234.59,197.99,99.0
1310,CLM-015530,Medicaid,Medicaid,Laboratory,2026-06-16,15,0-30,1,458.33,0.5115,0.9624,0.1253,0.4306,234.46,197.38,98.69
1311,CLM-022973,Medicaid,Medicaid,Primary Care,2026-06-20,11,0-30,1,652.75,0.4852,0.963,0.1179,0.4122,316.72,269.05,98.65
1312,CLM-029257,UnitedHealthcare,Commercial,Laboratory,2026-06-21,10,0-30,1,507.2,0.7392,0.8893,0.1223,0.577,374.92,292.64,97.55
1313,CLM-013737,Cigna,Commercial,OB/GYN,2026-06-25,6,0-30,1,995.93,0.6427,0.8919,0.1475,0.4887,640.12,486.69,97.34
1314,CLM-011862,Medicare,Medicare,Oncology,2026-06-30,1,0-30,1,7507.45,0.4637,0.9074,0.0783,0.3878,3480.93,2911.51,97.05
1315,CLM-021198,Humana Medicare Advantage,Medicare Advantage,Laboratory,2026-06-03,28,0-30,1,209.72,0.6244,0.9083,0.1259,0.4958,130.95,103.97,97.04
1316,CLM-018071,Self-Pay,Self-Pay,Imaging,2026-06-10,21,0-30,1,727.25,0.9897,0.1954,0.0267,0.1882,719.79,136.9,95.83
1317,CLM-004016,Humana Medicare Advantage,Medicare Advantage,OB/GYN,2026-06-27,4,0-30,1,1690.6,0.5515,0.9074,0.1513,0.4247,932.43,718.02,95.74
1318,CLM-005144,Molina Healthcare,Medicaid Managed Care,Primary Care,2026-06-10,21,0-30,1,326.93,0.5063,0.9594,0.1424,0.4165,165.52,136.18,95.32
1319,CLM-017682,Molina Healthcare,Medicaid Managed Care,Laboratory,2026-06-14,17,0-30,1,384.98,0.5329,0.9578,0.1514,0.4331,205.15,166.74,94.49
1320,CLM-001871,Molina Healthcare,Medicaid Managed Care,Laboratory,2026-06-17,14,0-30,1,466.52,0.5329,0.9578,0.1514,0.4331,248.6,202.06,94.29
1321,CLM-022323,UnitedHealthcare,Commercial,Emergency Department,2026-06-27,4,0-30,1,1352.45,0.6821,0.8882,0.1411,0.5203,922.49,703.72,93.83
1322,CLM-028509,Medicare,Medicare,OB/GYN,2026-06-29,2,0-30,1,3229.68,0.5041,0.9072,0.0511,0.4339,1628.09,1401.49,93.43
1323,CLM-005769,Blue Cross Blue Shield,Commercial,Laboratory,2026-06-07,24,0-30,1,191.95,0.7724,0.8932,0.1188,0.6079,148.26,116.7,93.36
1324,CLM-008982,UnitedHealthcare,Commercial,Laboratory,2026-06-15,16,0-30,1,303.19,0.7392,0.8893,0.1223,0.577,224.12,174.93,93.3
1325,CLM-027446,Aetna,Commercial,Primary Care,2026-06-03,28,0-30,1,175.54,0.7107,0.8917,0.1021,0.569,124.75,99.89,93.23
1326,CLM-011464,Cigna,Commercial,Emergency Department,2026-06-27,4,0-30,1,1351.4,0.6704,0.8882,0.1375,0.5136,905.96,694.02,92.54
1327,CLM-022737,Blue Cross Blue Shield,Commercial,Primary Care,2026-06-16,15,0-30,1,316.0,0.7321,0.8927,0.1047,0.5852,231.34,184.91,92.46
1328,CLM-019721,Aetna,Commercial,Laboratory,2026-06-13,18,0-30,1,249.55,0.7492,0.8943,0.0813,0.6155,186.97,153.61,92.16
1329,CLM-009069,Medicaid,Medicaid,Emergency Department,2026-06-27,4,0-30,1,1798.18,0.4726,0.9636,0.1567,0.384,849.83,690.59,92.08
1330,CLM-023098,Medicaid,Medicaid,Emergency Department,2026-06-24,7,0-30,1,1027.36,0.4726,0.9636,0.1567,0.384,485.54,394.56,92.06
1331,CLM-010688,Blue Cross Blue Shield,Commercial,Laboratory,2026-06-16,15,0-30,1,298.68,0.7724,0.8932,0.1188,0.6079,230.69,181.58,90.79
1332,CLM-010433,UnitedHealthcare,Commercial,Primary Care,2026-06-13,18,0-30,1,269.53,0.7003,0.8908,0.1119,0.554,188.76,149.32,89.59
1333,CLM-015646,UnitedHealthcare,Commercial,Emergency Department,2026-06-30,1,0-30,1,5130.33,0.6821,0.8882,0.1411,0.5203,3499.34,2669.46,88.98
1334,CLM-005247,Medicaid,Medicaid,Laboratory,2026-06-17,14,0-30,1,442.34,0.5115,0.9624,0.1253,0.4306,226.28,190.49,88.9
1335,CLM-019947,Blue Cross Blue Shield,Commercial,Imaging,2026-06-07,24,0-30,1,194.11,0.7463,0.8925,0.1448,0.5697,144.87,110.58,88.46
1336,CLM-004513,UnitedHealthcare,Commercial,OB/GYN,2026-06-29,2,0-30,1,2651.12,0.652,0.8905,0.1422,0.4981,1728.59,1320.44,88.03
1337,CLM-018002,Humana Medicare Advantage,Medicare Advantage,Laboratory,2026-05-27,35,31-60,2,152.02,0.6244,0.9083,0.1259,0.4958,94.92,75.36,87.93
1338,CLM-028710,Medicare,Medicare,Cardiology,2026-06-29,2,0-30,1,3170.09,0.4928,0.9102,0.0733,0.4157,1562.22,1317.73,87.85
1339,CLM-025608,Medicaid,Medicaid,Primary Care,2026-06-20,11,0-30,1,580.1,0.4852,0.963,0.1179,0.4122,281.47,239.1,87.67
1340,CLM-005582,Cigna,Commercial,Emergency Department,2026-06-27,4,0-30,1,1279.92,0.6704,0.8882,0.1375,0.5136,858.04,657.31,87.64
1341,CLM-016405,Humana Medicare Advantage,Medicare Advantage,Laboratory,2026-05-19,43,31-60,2,123.16,0.6244,0.9083,0.1259,0.4958,76.9,61.06,87.52
1342,CLM-027679,Cigna,Commercial,Laboratory,2026-06-19,12,0-30,1,379.03,0.7266,0.8894,0.1068,0.5772,275.4,218.78,87.51
1343,CLM-001093,Blue Cross Blue Shield,Commercial,Emergency Department,2026-06-25,6,0-30,1,778.53,0.7136,0.8926,0.1226,0.5589,555.55,435.09,87.02
1344,CLM-027382,Medicare,Medicare,Primary Care,2026-06-14,17,0-30,1,328.56,0.5401,0.911,0.0628,0.4612,177.47,151.52,85.86
1345,CLM-014668,Medicare,Medicare,Behavioral Health,2026-06-21,10,0-30,1,577.23,0.5254,0.907,0.0745,0.441,303.26,254.57,84.86
1346,CLM-014189,Humana Medicare Advantage,Medicare Advantage,Laboratory,2026-06-06,25,0-30,1,204.5,0.6244,0.9083,0.1259,0.4958,127.69,101.38,84.49
1347,CLM-019053,UnitedHealthcare,Commercial,Emergency Department,2026-06-22,9,0-30,1,541.17,0.6821,0.8882,0.1411,0.5203,369.13,281.59,84.48
1348,CLM-023069,UnitedHealthcare,Commercial,Emergency Department,2026-06-24,7,0-30,1,694.49,0.6821,0.8882,0.1411,0.5203,473.7,361.36,84.32
1349,CLM-027555,Medicare,Medicare,Laboratory,2026-06-17,14,0-30,1,372.5,0.571,0.9097,0.0722,0.4819,212.69,179.51,83.77
1350,CLM-018082,Molina Healthcare,Medicaid Managed Care,Laboratory,2026-05-26,36,31-60,2,160.73,0.5329,0.9578,0.1514,0.4331,85.65,69.62,83.54
1351,CLM-027093,UnitedHealthcare,Commercial,Emergency Department,2026-06-27,4,0-30,1,1202.53,0.6821,0.8882,0.1411,0.5203,820.23,625.71,83.43
1352,CLM-005504,Humana Medicare Advantage,Medicare Advantage,Laboratory,2026-06-05,26,0-30,1,193.71,0.6244,0.9083,0.1259,0.4958,120.96,96.03,83.23
1353,CLM-010275,Molina Healthcare,Medicaid Managed Care,Laboratory,2026-05-27,35,31-60,2,162.61,0.5329,0.9578,0.1514,0.4331,86.65,70.43,82.17
1354,CLM-003429,Medicare,Medicare,Laboratory,2026-06-22,9,0-30,1,568.25,0.571,0.9097,0.0722,0.4819,324.46,273.85,82.15
1355,CLM-029878,Humana Medicare Advantage,Medicare Advantage,Laboratory,2026-06-08,23,0-30,1,215.26,0.6244,0.9083,0.1259,0.4958,134.41,106.72,81.82
1356,CLM-000467,Humana Medicare Advantage,Medicare Advantage,Laboratory,2026-06-17,14,0-30,1,353.37,0.6244,0.9083,0.1259,0.4958,220.65,175.19,81.75
1357,CLM-020559,Humana Medicare Advantage,Medicare Advantage,Laboratory,2026-06-20,11,0-30,1,438.61,0.6244,0.9083,0.1259,0.4958,273.87,217.44,79.73
1358,CLM-000956,Cigna,Commercial,Laboratory,2026-06-13,18,0-30,1,227.43,0.7266,0.8894,0.1068,0.5772,165.25,131.28,78.77
1359,CLM-001035,Medicare,Medicare,Laboratory,2026-05-21,41,31-60,2,119.3,0.571,0.9097,0.0722,0.4819,68.12,57.49,78.57
1360,CLM-019054,Molina Healthcare,Medicaid Managed Care,Laboratory,2026-06-20,11,0-30,1,493.2,0.5329,0.9578,0.1514,0.4331,262.82,213.62,78.33
1361,CLM-023783,Humana Medicare Advantage,Medicare Advantage,Laboratory,2026-06-14,17,0-30,1,277.97,0.6244,0.9083,0.1259,0.4958,173.57,137.81,78.09
1362,CLM-005696,Cigna,Commercial,Laboratory,2026-06-17,14,0-30,1,289.77,0.7266,0.8894,0.1068,0.5772,210.55,167.26,78.06
1363,CLM-022218,Blue Cross Blue Shield,Commercial,Orthopedics,2026-06-29,2,0-30,1,2260.58,0.6432,0.8953,0.1078,0.5138,1453.92,1161.41,77.43
1364,CLM-011379,Humana Medicare Advantage,Medicare Advantage,Oncology,2026-06-30,1,0-30,1,5979.51,0.5111,0.9071,0.1642,0.3875,3056.04,2317.0,77.23
1365,CLM-026446,Medicare,Medicare,Laboratory,2026-06-09,22,0-30,1,217.59,0.571,0.9097,0.0722,0.4819,124.24,104.86,76.9
1366,CLM-026161,Medicare,Medicare,Emergency Department,2026-06-26,5,0-30,1,1027.09,0.5275,0.9108,0.0683,0.4477,541.82,459.8,76.63
1367,CLM-013769,Humana Medicare Advantage,Medicare Advantage,Emergency Department,2026-06-27,4,0-30,1,1301.97,0.5773,0.906,0.1694,0.4344,751.6,565.59,75.41
1368,CLM-001422,Humana Medicare Advantage,Medicare Advantage,Laboratory,2026-06-14,17,0-30,1,268.13,0.6244,0.9083,0.1259,0.4958,167.42,132.93,75.33
1369,CLM-006922,Blue Cross Blue Shield,Commercial,Laboratory,2026-06-11,20,0-30,1,184.9,0.7724,0.8932,0.1188,0.6079,142.81,112.41,74.94
1370,CLM-007897,Medicaid,Medicaid,Primary Care,2026-06-22,9,0-30,1,601.17,0.4852,0.963,0.1179,0.4122,291.69,247.79,74.34
1371,CLM-020908,Medicare,Medicare,Imaging,2026-06-20,11,0-30,1,441.67,0.5519,0.9095,0.088,0.4578,243.77,202.21,74.14
1372,CLM-028999,Humana Medicare Advantage,Medicare Advantage,Cardiology,2026-06-30,1,0-30,1,5327.01,0.5408,0.908,0.1628,0.4112,2880.99,2190.22,73.01
1373,CLM-024096,Cigna,Commercial,Laboratory,2026-06-09,22,0-30,1,171.9,0.7266,0.8894,0.1068,0.5772,124.9,99.22,72.76
1374,CLM-015007,Medicare,Medicare,Primary Care,2026-06-21,10,0-30,1,470.0,0.5401,0.911,0.0628,0.4612,253.87,216.75,72.25
1375,CLM-002507,Cigna,Commercial,Laboratory,2026-06-13,18,0-30,1,207.81,0.7266,0.8894,0.1068,0.5772,151.0,119.95,71.97
1376,CLM-025238,Medicare,Medicare,Behavioral Health,2026-06-22,9,0-30,1,542.0,0.5254,0.907,0.0745,0.441,284.75,239.03,71.71
1377,CLM-029286,Humana Medicare Advantage,Medicare Advantage,Laboratory,2026-06-17,14,0-30,1,309.73,0.6244,0.9083,0.1259,0.4958,193.4,153.55,71.66
1378,CLM-009333,Medicare,Medicare,Laboratory,2026-06-13,18,0-30,1,246.98,0.571,0.9097,0.0722,0.4819,141.02,119.02,71.41
1379,CLM-017462,Medicare,Medicare,Primary Care,2026-06-05,26,0-30,1,178.24,0.5401,0.911,0.0628,0.4612,96.27,82.2,71.24
1380,CLM-009959,Cigna,Commercial,Behavioral Health,2026-06-17,14,0-30,1,284.42,0.6657,0.8826,0.0868,0.5366,189.34,152.61,71.22
1381,CLM-029247,Blue Cross Blue Shield,Commercial,Primary Care,2026-06-18,13,0-30,1,280.12,0.7321,0.8927,0.1047,0.5852,205.08,163.92,71.03
1382,CLM-028074,Humana Medicare Advantage,Medicare Advantage,Behavioral Health,2026-06-25,6,0-30,1,922.28,0.4768,0.9029,0.1057,0.385,439.75,355.09,71.02
1383,CLM-007173,Medicare,Medicare,Laboratory,2026-06-05,26,0-30,1,169.9,0.571,0.9097,0.0722,0.4819,97.01,81.88,70.96
1384,CLM-029914,Aetna,Commercial,Laboratory,2026-06-04,27,0-30,1,127.91,0.7492,0.8943,0.0813,0.6155,95.83,78.73,70.86
1385,CLM-028994,Humana Medicare Advantage,Medicare Advantage,Orthopedics,2026-06-29,2,0-30,1,2690.51,0.5212,0.9087,0.1667,0.3947,1402.24,1061.9,70.79
1386,CLM-002820,TRICARE,Military,Primary Care,2026-06-28,3,0-30,1,1299.54,0.6186,0.9637,0.094,0.5402,803.93,701.95,70.2
1387,CLM-028277,TRICARE,Military,Laboratory,2026-06-20,11,0-30,1,352.9,0.6515,0.9656,0.1376,0.5425,229.9,191.45,70.2
1388,CLM-025167,Medicare,Medicare,Primary Care,2026-06-05,26,0-30,1,175.26,0.5401,0.911,0.0628,0.4612,94.67,80.83,70.05
1389,CLM-024108,Medicare,Medicare,Primary Care,2026-06-21,10,0-30,1,455.57,0.5401,0.911,0.0628,0.4612,246.07,210.1,70.03
1390,CLM-008951,Humana Medicare Advantage,Medicare Advantage,Emergency Department,2026-06-26,5,0-30,1,966.86,0.5773,0.906,0.1694,0.4344,558.15,420.02,70.0
1391,CLM-018433,UnitedHealthcare,Commercial,Imaging,2026-06-27,4,0-30,1,991.96,0.713,0.8876,0.1687,0.5261,707.24,521.86,69.58
1392,CLM-000917,Aetna,Commercial,Imaging,2026-06-26,5,0-30,1,760.05,0.7234,0.8925,0.1502,0.5486,549.78,416.97,69.49
1393,CLM-005340,Medicaid,Medicaid,Surgery,2026-06-29,2,0-30,1,2953.52,0.4102,0.963,0.1141,0.3499,1211.51,1033.57,68.9
1394,CLM-008319,Humana Medicare Advantage,Medicare Advantage,Primary Care,2026-06-22,9,0-30,1,467.11,0.5927,0.9071,0.0994,0.4842,276.84,226.17,67.85
1395,CLM-026091,Molina Healthcare,Medicaid Managed Care,Laboratory,2026-06-24,7,0-30,1,671.35,0.5329,0.9578,0.1514,0.4331,357.75,290.78,67.85
1396,CLM-000513,TRICARE,Military,Laboratory,2026-06-21,10,0-30,1,368.96,0.6515,0.9656,0.1376,0.5425,240.36,200.16,66.72
1397,CLM-002248,Molina Healthcare,Medicaid Managed Care,Imaging,2026-06-28,3,0-30,1,1627.97,0.5146,0.958,0.1713,0.4085,837.76,665.09,66.51
1398,CLM-021216,Medicaid,Medicaid,Primary Care,2026-06-19,12,0-30,1,400.63,0.4852,0.963,0.1179,0.4122,194.39,165.13,66.05
1399,CLM-014220,UnitedHealthcare,Commercial,Primary Care,2026-06-22,9,0-30,1,396.36,0.7003,0.8908,0.1119,0.554,277.58,219.59,65.88
1400,CLM-010983,Humana Medicare Advantage,Medicare Advantage,Laboratory,2026-06-20,11,0-30,1,360.35,0.6244,0.9083,0.1259,0.4958,225.01,178.65,65.5
1401,CLM-003434,Medicare,Medicare,Laboratory,2026-06-08,23,0-30,1,175.27,0.571,0.9097,0.0722,0.4819,100.08,84.46,64.76
1402,CLM-020057,Medicaid,Medicaid,Primary Care,2026-06-23,8,0-30,1,589.2,0.4852,0.963,0.1179,0.4122,285.88,242.85,64.76
1403,CLM-021416,Medicare,Medicare,Primary Care,2026-06-22,9,0-30,1,464.06,0.5401,0.911,0.0628,0.4612,250.66,214.01,64.2
1404,CLM-018457,UnitedHealthcare,Commercial,Primary Care,2026-06-22,9,0-30,1,384.23,0.7003,0.8908,0.1119,0.554,269.09,212.87,63.86
1405,CLM-015119,Molina Healthcare,Medicaid Managed Care,Laboratory,2026-06-13,18,0-30,1,245.08,0.5329,0.9578,0.1514,0.4331,130.6,106.15,63.69
1406,CLM-025449,Self-Pay,Self-Pay,Primary Care,2026-06-15,16,0-30,1,603.51,0.9877,0.2035,0.0199,0.197,596.07,118.91,63.42
1407,CLM-021059,Medicaid,Medicaid,Laboratory,2026-06-14,17,0-30,1,259.72,0.5115,0.9624,0.1253,0.4306,132.86,111.85,63.38
1408,CLM-024543,Medicaid,Medicaid,Laboratory,2026-06-06,25,0-30,1,176.01,0.5115,0.9624,0.1253,0.4306,90.04,75.8,63.16
1409,CLM-000266,Blue Cross Blue Shield,Commercial,Laboratory,2026-06-24,7,0-30,1,444.52,0.7724,0.8932,0.1188,0.6079,343.34,270.24,63.06
1410,CLM-016573,Medicare,Medicare,Imaging,2026-06-23,8,0-30,1,515.26,0.5519,0.9095,0.088,0.4578,284.39,235.9,62.91
1411,CLM-022484,Medicare,Medicare,Emergency Department,2026-06-29,2,0-30,1,2104.39,0.5275,0.9108,0.0683,0.4477,1110.13,942.07,62.8
1412,CLM-011271,Medicare,Medicare,Surgery,2026-06-29,2,0-30,1,2448.36,0.4551,0.9122,0.0734,0.3847,1114.29,941.9,62.79
1413,CLM-011082,Medicaid,Medicaid,Primary Care,2026-06-17,14,0-30,1,326.23,0.4852,0.963,0.1179,0.4122,158.29,134.46,62.75
1414,CLM-021808,Blue Cross Blue Shield,Commercial,Behavioral Health,2026-06-20,11,0-30,1,297.72,0.7059,0.8944,0.111,0.5612,210.15,167.09,61.27
1415,CLM-025383,Medicare,Medicare,Primary Care,2026-06-20,11,0-30,1,359.39,0.5401,0.911,0.0628,0.4612,194.12,165.74,60.77
1416,CLM-005751,Cigna,Commercial,Emergency Department,2026-06-29,2,0-30,1,1760.58,0.6704,0.8882,0.1375,0.5136,1180.27,904.16,60.28
1417,CLM-016614,Medicare,Medicare,Primary Care,2026-06-17,14,0-30,1,277.88,0.5401,0.911,0.0628,0.4612,150.09,128.15,59.8
1418,CLM-000938,Medicare,Medicare,Laboratory,2026-06-03,28,0-30,1,132.9,0.571,0.9097,0.0722,0.4819,75.88,64.05,59.78
1419,CLM-012995,Medicare,Medicare,Laboratory,2026-06-12,19,0-30,1,195.36,0.571,0.9097,0.0722,0.4819,111.55,94.15,59.63
1420,CLM-024876,Blue Cross Blue Shield,Commercial,Laboratory,2026-06-16,15,0-30,1,194.51,0.7724,0.8932,0.1188,0.6079,150.24,118.25,59.13
1421,CLM-020750,Molina Healthcare,Medicaid Managed Care,Imaging,2026-06-26,5,0-30,1,865.59,0.5146,0.958,0.1713,0.4085,445.43,353.63,58.94
1422,CLM-004680,Medicaid,Medicaid,Emergency Department,2026-06-28,3,0-30,1,1506.88,0.4726,0.9636,0.1567,0.384,712.16,578.72,57.87
1423,CLM-005521,Blue Cross Blue Shield,Commercial,Emergency Department,2026-06-29,2,0-30,1,1551.57,0.7136,0.8926,0.1226,0.5589,1107.18,867.1,57.81
1424,CLM-000779,Humana Medicare Advantage,Medicare Advantage,Laboratory,2026-06-19,12,0-30,1,290.58,0.6244,0.9083,0.1259,0.4958,181.44,144.06,57.62
1425,CLM-008756,UnitedHealthcare,Commercial,Laboratory,2026-06-17,14,0-30,1,212.96,0.7392,0.8893,0.1223,0.577,157.42,122.87,57.34
1426,CLM-029745,TRICARE,Military,OB/GYN,2026-06-25,6,0-30,1,548.99,0.5897,0.9701,0.0918,0.5196,323.76,285.23,57.05
1427,CLM-025454,Cigna,Commercial,Emergency Department,2026-06-29,2,0-30,1,1659.94,0.6704,0.8882,0.1375,0.5136,1112.8,852.48,56.83
1428,CLM-001077,UnitedHealthcare,Commercial,Oncology,2026-06-28,3,0-30,1,1347.07,0.5511,0.8913,0.1473,0.4189,742.42,564.25,56.43
1429,CLM-022479,Cigna,Commercial,Laboratory,2026-06-11,20,0-30,1,146.42,0.7266,0.8894,0.1068,0.5772,106.39,84.52,56.34
1430,CLM-027438,Medicare,Medicare,Emergency Department,2026-06-29,2,0-30,1,1882.5,0.5275,0.9108,0.0683,0.4477,993.08,842.74,56.18
1431,CLM-018994,Aetna,Commercial,Imaging,2026-06-29,2,0-30,1,1534.04,0.7234,0.8925,0.1502,0.5486,1109.65,841.59,56.11
1432,CLM-002904,Medicaid,Medicaid,Laboratory,2026-06-23,8,0-30,1,488.39,0.5115,0.9624,0.1253,0.4306,249.83,210.32,56.09
1433,CLM-015525,Medicaid,Medicaid,Laboratory,2026-06-12,19,0-30,1,204.18,0.5115,0.9624,0.1253,0.4306,104.45,87.93,55.69
1434,CLM-018832,Medicare,Medicare,Laboratory,2026-06-21,10,0-30,1,344.08,0.571,0.9097,0.0722,0.4819,196.47,165.82,55.27
1435,CLM-006620,Cigna,Commercial,Laboratory,2026-06-22,9,0-30,1,319.11,0.7266,0.8894,0.1068,0.5772,231.87,184.2,55.26
1436,CLM-014930,Cigna,Commercial,OB/GYN,2026-06-27,4,0-30,1,838.55,0.6427,0.8919,0.1475,0.4887,538.97,409.78,54.64
1437,CLM-003475,Humana Medicare Advantage,Medicare Advantage,Emergency Department,2026-06-28,3,0-30,1,1245.72,0.5773,0.906,0.1694,0.4344,719.13,541.16,54.12
1438,CLM-014121,Blue Cross Blue Shield,Commercial,Laboratory,2026-06-14,17,0-30,1,155.52,0.7724,0.8932,0.1188,0.6079,120.12,94.55,53.58
1439,CLM-003613,Medicare,Medicare,Laboratory,2026-06-22,9,0-30,1,366.75,0.571,0.9097,0.0722,0.4819,209.41,176.74,53.02
1440,CLM-004143,Self-Pay,Self-Pay,Imaging,2026-06-26,5,0-30,1,1681.98,0.9897,0.1954,0.0267,0.1882,1664.73,316.62,52.77
1441,CLM-009274,Aetna,Commercial,Laboratory,2026-06-17,14,0-30,1,183.61,0.7492,0.8943,0.0813,0.6155,137.56,113.02,52.74
1442,CLM-022527,TRICARE,Military,Primary Care,2026-06-20,11,0-30,1,264.73,0.6186,0.9637,0.094,0.5402,163.77,142.99,52.43
1443,CLM-011830,Blue Cross Blue Shield,Commercial,Laboratory,2026-06-18,13,0-30,1,196.15,0.7724,0.8932,0.1188,0.6079,151.5,119.25,51.67
1444,CLM-025165,Blue Cross Blue Shield,Commercial,Laboratory,2026-06-22,9,0-30,1,282.99,0.7724,0.8932,0.1188,0.6079,218.58,172.04,51.61
1445,CLM-001873,Medicare,Medicare,Laboratory,2026-06-17,14,0-30,1,228.52,0.571,0.9097,0.0722,0.4819,130.48,110.13,51.39
1446,CLM-028314,Medicare,Medicare,Laboratory,2026-06-21,10,0-30,1,318.74,0.571,0.9097,0.0722,0.4819,182.0,153.6,51.2
1447,CLM-012497,Medicare,Medicare,Laboratory,2026-06-21,10,0-30,1,316.67,0.571,0.9097,0.0722,0.4819,180.82,152.61,50.87
1448,CLM-010470,Medicaid,Medicaid,Laboratory,2026-06-16,15,0-30,1,233.21,0.5115,0.9624,0.1253,0.4306,119.3,100.43,50.21
1449,CLM-027221,Medicaid,Medicaid,Laboratory,2026-06-14,17,0-30,1,205.73,0.5115,0.9624,0.1253,0.4306,105.24,88.6,50.2
1450,CLM-008698,Medicaid,Medicaid,Laboratory,2026-06-22,9,0-30,1,386.49,0.5115,0.9624,0.1253,0.4306,197.71,166.44,49.93
1451,CLM-018341,Humana Medicare Advantage,Medicare Advantage,Laboratory,2026-06-23,8,0-30,1,374.1,0.6244,0.9083,0.1259,0.4958,233.59,185.46,49.46
1452,CLM-008416,Humana Medicare Advantage,Medicare Advantage,Laboratory,2026-06-12,19,0-30,1,157.38,0.6244,0.9083,0.1259,0.4958,98.27,78.02,49.41
1453,CLM-018385,Medicaid,Medicaid,Laboratory,2026-06-17,14,0-30,1,240.88,0.5115,0.9624,0.1253,0.4306,123.22,103.73,48.41
1454,CLM-017110,Medicaid,Medicaid,Laboratory,2026-06-24,7,0-30,1,479.42,0.5115,0.9624,0.1253,0.4306,245.24,206.46,48.17
1455,CLM-001085,Medicaid,Medicaid,Laboratory,2026-06-20,11,0-30,1,302.93,0.5115,0.9624,0.1253,0.4306,154.96,130.45,47.83
1456,CLM-026794,UnitedHealthcare,Commercial,Laboratory,2026-06-19,12,0-30,1,206.08,0.7392,0.8893,0.1223,0.577,152.33,118.9,47.56
1457,CLM-020757,Humana Medicare Advantage,Medicare Advantage,Laboratory,2026-06-21,10,0-30,1,287.53,0.6244,0.9083,0.1259,0.4958,179.54,142.54,47.51
1458,CLM-014211,Humana Medicare Advantage,Medicare Advantage,Laboratory,2026-06-20,11,0-30,1,260.95,0.6244,0.9083,0.1259,0.4958,162.94,129.37,47.43
1459,CLM-021710,Molina Healthcare,Medicaid Managed Care,Laboratory,2026-06-16,15,0-30,1,218.65,0.5329,0.9578,0.1514,0.4331,116.52,94.7,47.35
1460,CLM-008396,Blue Cross Blue Shield,Commercial,Emergency Department,2026-06-28,3,0-30,1,834.96,0.7136,0.8926,0.1226,0.5589,595.82,466.62,46.66
1461,CLM-002561,Medicaid,Medicaid,OB/GYN,2026-06-26,5,0-30,1,738.54,0.4528,0.9615,0.1322,0.3778,334.42,279.02,46.5
1462,CLM-005416,UnitedHealthcare,Commercial,Laboratory,2026-06-23,8,0-30,1,301.97,0.7392,0.8893,0.1223,0.577,223.22,174.23,46.46
1463,CLM-013751,Humana Medicare Advantage,Medicare Advantage,Laboratory,2026-06-14,17,0-30,1,165.07,0.6244,0.9083,0.1259,0.4958,103.07,81.83,46.37
1464,CLM-018950,Medicare,Medicare,Imaging,2026-06-25,6,0-30,1,502.97,0.5519,0.9095,0.088,0.4578,277.61,230.28,46.06
1465,CLM-002737,Molina Healthcare,Medicaid Managed Care,Cardiology,2026-06-30,1,0-30,1,3760.64,0.4642,0.9572,0.183,0.3631,1745.83,1365.35,45.51
1466,CLM-023769,Cigna,Commercial,Laboratory,2026-06-21,10,0-30,1,236.05,0.7266,0.8894,0.1068,0.5772,171.51,136.25,45.42
1467,CLM-029180,Aetna,Commercial,Laboratory,2026-06-25,6,0-30,1,362.51,0.7492,0.8943,0.0813,0.6155,271.6,223.14,44.63
1468,CLM-029277,Blue Cross Blue Shield,Commercial,Laboratory,2026-06-25,6,0-30,1,366.61,0.7724,0.8932,0.1188,0.6079,283.16,222.88,44.58
1469,CLM-028229,Medicaid,Medicaid,Laboratory,2026-06-15,16,0-30,1,192.57,0.5115,0.9624,0.1253,0.4306,98.51,82.93,44.23
1470,CLM-011608,TRICARE,Military,Laboratory,2026-06-10,21,0-30,1,114.81,0.6515,0.9656,0.1376,0.5425,74.79,62.28,43.6
1471,CLM-011471,TRICARE,Military,Primary Care,2026-06-22,9,0-30,1,264.82,0.6186,0.9637,0.094,0.5402,163.83,143.04,42.91
1472,CLM-026366,UnitedHealthcare,Commercial,Laboratory,2026-06-23,8,0-30,1,278.01,0.7392,0.8893,0.1223,0.577,205.5,160.4,42.77
1473,CLM-010626,Cigna,Commercial,Laboratory,2026-06-20,11,0-30,1,201.15,0.7266,0.8894,0.1068,0.5772,146.16,116.11,42.57
1474,CLM-024295,UnitedHealthcare,Commercial,Emergency Department,2026-06-27,4,0-30,1,612.9,0.6821,0.8882,0.1411,0.5203,418.05,318.91,42.52
1475,CLM-017898,UnitedHealthcare,Commercial,Primary Care,2026-06-25,6,0-30,1,380.99,0.7003,0.8908,0.1119,0.554,266.82,211.07,42.21
1476,CLM-022621,Medicaid,Medicaid,Primary Care,2026-06-18,13,0-30,1,233.35,0.4852,0.963,0.1179,0.4122,113.22,96.18,41.68
1477,CLM-002333,UnitedHealthcare,Commercial,Primary Care,2026-06-25,6,0-30,1,374.7,0.7003,0.8908,0.1119,0.554,262.41,207.59,41.52
1478,CLM-006952,Humana Medicare Advantage,Medicare Advantage,Imaging,2026-06-28,3,0-30,1,901.66,0.6027,0.9091,0.1795,0.4496,543.47,405.38,40.54
1479,CLM-015192,Cigna,Commercial,Laboratory,2026-06-20,11,0-30,1,190.84,0.7266,0.8894,0.1068,0.5772,138.66,110.16,40.39
1480,CLM-017370,Medicaid,Medicaid,Laboratory,2026-06-13,18,0-30,1,156.33,0.5115,0.9624,0.1253,0.4306,79.97,67.32,40.39
1481,CLM-005029,Medicare,Medicare,Behavioral Health,2026-06-25,6,0-30,1,457.69,0.5254,0.907,0.0745,0.441,240.46,201.85,40.37
1482,CLM-026575,Blue Cross Blue Shield,Commercial,Laboratory,2026-06-23,8,0-30,1,246.61,0.7724,0.8932,0.1188,0.6079,190.48,149.93,39.98
1483,CLM-024713,Medicaid,Medicaid,Primary Care,2026-06-21,10,0-30,1,286.5,0.4852,0.963,0.1179,0.4122,139.01,118.09,39.36
1484,CLM-025640,Humana Medicare Advantage,Medicare Advantage,Laboratory,2026-06-17,14,0-30,1,169.3,0.6244,0.9083,0.1259,0.4958,105.71,83.93,39.17
1485,CLM-001091,Aetna,Commercial,Laboratory,2026-06-19,12,0-30,1,158.48,0.7492,0.8943,0.0813,0.6155,118.74,97.55,39.02
1486,CLM-029262,Blue Cross Blue Shield,Commercial,Laboratory,2026-06-23,8,0-30,1,240.22,0.7724,0.8932,0.1188,0.6079,185.54,146.04,38.94
1487,CLM-010012,Cigna,Commercial,Primary Care,2026-06-25,6,0-30,1,352.61,0.6888,0.8904,0.1006,0.5516,242.89,194.51,38.9
1488,CLM-003735,Humana Medicare Advantage,Medicare Advantage,Emergency Department,2026-06-29,2,0-30,1,1324.95,0.5773,0.906,0.1694,0.4344,764.87,575.58,38.37
1489,CLM-019549,Aetna,Commercial,Laboratory,2026-06-15,16,0-30,1,116.77,0.7492,0.8943,0.0813,0.6155,87.49,71.88,38.33
1490,CLM-027881,Medicare,Medicare,Emergency Department,2026-06-27,4,0-30,1,641.78,0.5275,0.9108,0.0683,0.4477,338.56,287.3,38.31
1491,CLM-018886,Aetna,Commercial,Laboratory,2026-06-26,5,0-30,1,371.46,0.7492,0.8943,0.0813,0.6155,278.31,228.64,38.11
1492,CLM-000438,Self-Pay,Self-Pay,Emergency Department,2026-06-21,10,0-30,1,591.05,0.9887,0.2027,0.0379,0.1929,584.39,113.99,38.0
1493,CLM-016073,Medicare,Medicare,Laboratory,2026-06-23,8,0-30,1,294.4,0.571,0.9097,0.0722,0.4819,168.1,141.87,37.83
1494,CLM-001928,Medicare,Medicare,Imaging,2026-06-28,3,0-30,1,823.12,0.5519,0.9095,0.088,0.4578,454.31,376.85,37.68
1495,CLM-020395,Cigna,Commercial,Laboratory,2026-06-27,4,0-30,1,487.42,0.7266,0.8894,0.1068,0.5772,354.16,281.35,37.51
1496,CLM-017599,Medicaid,Medicaid,Imaging,2026-06-15,16,0-30,1,171.95,0.4932,0.9622,0.1437,0.4063,84.8,69.87,37.26
1497,CLM-022828,Aetna,Commercial,Imaging,2026-06-29,2,0-30,1,984.37,0.7234,0.8925,0.1502,0.5486,712.04,540.03,36.0
1498,CLM-027150,Aetna,Commercial,Laboratory,2026-06-22,9,0-30,1,194.83,0.7492,0.8943,0.0813,0.6155,145.97,119.92,35.98
1499,CLM-004119,Molina Healthcare,Medicaid Managed Care,Imaging,2026-06-21,10,0-30,1,261.42,0.5146,0.958,0.1713,0.4085,134.53,106.8,35.6
1500,CLM-029556,TRICARE,Military,Laboratory,2026-06-29,2,0-30,1,959.48,0.6515,0.9656,0.1376,0.5425,625.06,520.51,34.7
1501,CLM-016630,UnitedHealthcare,Commercial,Emergency Department,2026-06-30,1,0-30,1,1999.04,0.6821,0.8882,0.1411,0.5203,1363.52,1040.16,34.67
1502,CLM-021178,Blue Cross Blue Shield,Commercial,Emergency Department,2026-06-30,1,0-30,1,1838.63,0.7136,0.8926,0.1226,0.5589,1312.03,1027.53,34.25
1503,CLM-024438,Blue Cross Blue Shield,Commercial,Behavioral Health,2026-06-27,4,0-30,1,454.07,0.7059,0.8944,0.111,0.5612,320.51,254.84,33.98
1504,CLM-016224,Aetna,Commercial,Laboratory,2026-06-25,6,0-30,1,275.88,0.7492,0.8943,0.0813,0.6155,206.7,169.81,33.96
1505,CLM-027820,TRICARE,Military,Primary Care,2026-06-25,6,0-30,1,313.84,0.6186,0.9637,0.094,0.5402,194.15,169.52,33.9
1506,CLM-018572,Aetna,Commercial,Imaging,2026-06-29,2,0-30,1,922.6,0.7234,0.8925,0.1502,0.5486,667.36,506.15,33.74
1507,CLM-024905,Medicare,Medicare,Primary Care,2026-06-26,5,0-30,1,433.89,0.5401,0.911,0.0628,0.4612,234.36,200.1,33.35
1508,CLM-018876,Medicare,Medicare,Laboratory,2026-06-21,10,0-30,1,207.56,0.571,0.9097,0.0722,0.4819,118.51,100.03,33.34
1509,CLM-018648,Blue Cross Blue Shield,Commercial,Primary Care,2026-06-26,5,0-30,1,337.67,0.7321,0.8927,0.1047,0.5852,247.21,197.59,32.93
1510,CLM-028930,Molina Healthcare,Medicaid Managed Care,Laboratory,2026-06-23,8,0-30,1,282.8,0.5329,0.9578,0.1514,0.4331,150.7,122.49,32.66
1511,CLM-001761,Humana Medicare Advantage,Medicare Advantage,Primary Care,2026-06-23,8,0-30,1,251.84,0.5927,0.9071,0.0994,0.4842,149.26,121.94,32.52
1512,CLM-005625,Medicare,Medicare,Laboratory,2026-06-17,14,0-30,1,144.56,0.571,0.9097,0.0722,0.4819,82.54,69.66,32.51
1513,CLM-002640,Medicaid,Medicaid,Laboratory,2026-06-26,5,0-30,1,452.51,0.5115,0.9624,0.1253,0.4306,231.48,194.87,32.48
1514,CLM-021767,Medicare,Medicare,Laboratory,2026-06-26,5,0-30,1,402.28,0.571,0.9097,0.0722,0.4819,229.7,193.86,32.31
1515,CLM-023903,Medicaid,Medicaid,Imaging,2026-06-29,2,0-30,1,1185.09,0.4932,0.9622,0.1437,0.4063,584.45,481.53,32.1
1516,CLM-004352,Blue Cross Blue Shield,Commercial,Primary Care,2026-06-24,7,0-30,1,235.03,0.7321,0.8927,0.1047,0.5852,172.06,137.53,32.09
1517,CLM-009507,Medicare,Medicare,Oncology,2026-06-28,3,0-30,1,822.53,0.4637,0.9074,0.0783,0.3878,381.38,318.99,31.9
1518,CLM-029801,Medicare,Medicare,Primary Care,2026-06-29,2,0-30,1,1035.66,0.5401,0.911,0.0628,0.4612,559.4,477.62,31.84
1519,CLM-001646,Medicare,Medicare,Laboratory,2026-06-27,4,0-30,1,493.52,0.571,0.9097,0.0722,0.4819,281.79,237.83,31.71
1520,CLM-011183,UnitedHealthcare,Commercial,Laboratory,2026-06-21,10,0-30,1,162.63,0.7392,0.8893,0.1223,0.577,120.22,93.83,31.28
1521,CLM-023511,Self-Pay,Self-Pay,Emergency Department,2026-06-28,3,0-30,1,1618.05,0.9887,0.2027,0.0379,0.1929,1599.83,312.07,31.21
1522,CLM-017759,Humana Medicare Advantage,Medicare Advantage,Primary Care,2026-06-28,3,0-30,1,642.93,0.5927,0.9071,0.0994,0.4842,381.04,311.3,31.13
1523,CLM-003256,Molina Healthcare,Medicaid Managed Care,Laboratory,2026-06-24,7,0-30,1,305.9,0.5329,0.9578,0.1514,0.4331,163.01,132.49,30.91
1524,CLM-017684,Humana Medicare Advantage,Medicare Advantage,Laboratory,2026-06-24,7,0-30,1,265.71,0.6244,0.9083,0.1259,0.4958,165.91,131.73,30.74
1525,CLM-010173,Medicare,Medicare,Behavioral Health,2026-06-22,9,0-30,1,225.74,0.5254,0.907,0.0745,0.441,118.6,99.56,29.87
1526,CLM-005846,Medicaid,Medicaid,Laboratory,2026-06-17,14,0-30,1,148.51,0.5115,0.9624,0.1253,0.4306,75.97,63.95,29.85
1527,CLM-008762,Blue Cross Blue Shield,Commercial,Laboratory,2026-06-23,8,0-30,1,181.52,0.7724,0.8932,0.1188,0.6079,140.2,110.35,29.43
1528,CLM-022118,UnitedHealthcare,Commercial,Laboratory,2026-06-19,12,0-30,1,127.4,0.7392,0.8893,0.1223,0.577,94.17,73.51,29.4
1529,CLM-001139,Aetna,Commercial,Laboratory,2026-06-19,12,0-30,1,119.07,0.7492,0.8943,0.0813,0.6155,89.21,73.29,29.32
1530,CLM-005026,Self-Pay,Self-Pay,Laboratory,2026-06-09,22,0-30,1,210.2,0.9896,0.2035,0.0584,0.1896,208.02,39.86,29.23
1531,CLM-016598,Molina Healthcare,Medicaid Managed Care,Imaging,2026-06-30,1,0-30,1,2145.58,0.5146,0.958,0.1713,0.4085,1104.12,876.56,29.22
1532,CLM-022897,Medicare,Medicare,Behavioral Health,2026-06-25,6,0-30,1,330.89,0.5254,0.907,0.0745,0.441,173.84,145.93,29.19
1533,CLM-011557,Molina Healthcare,Medicaid Managed Care,Laboratory,2026-06-21,10,0-30,1,200.64,0.5329,0.9578,0.1514,0.4331,106.92,86.9,28.97
1534,CLM-009614,Blue Cross Blue Shield,Commercial,Laboratory,2026-06-23,8,0-30,1,178.28,0.7724,0.8932,0.1188,0.6079,137.7,108.38,28.9
1535,CLM-009765,Humana Medicare Advantage,Medicare Advantage,Laboratory,2026-06-23,8,0-30,1,216.2,0.6244,0.9083,0.1259,0.4958,135.0,107.18,28.58
1536,CLM-007278,Medicare,Medicare,Laboratory,2026-06-27,4,0-30,1,443.58,0.571,0.9097,0.0722,0.4819,253.28,213.77,28.5
1537,CLM-020142,Humana Medicare Advantage,Medicare Advantage,Primary Care,2026-06-28,3,0-30,1,587.17,0.5927,0.9071,0.0994,0.4842,347.99,284.3,28.43
1538,CLM-004099,Blue Cross Blue Shield,Commercial,Laboratory,2026-06-27,4,0-30,1,345.76,0.7724,0.8932,0.1188,0.6079,267.06,210.2,28.03
1539,CLM-015052,Humana Medicare Advantage,Medicare Advantage,Behavioral Health,2026-06-20,11,0-30,1,194.12,0.4768,0.9029,0.1057,0.385,92.56,74.74,27.4
1540,CLM-005469,Humana Medicare Advantage,Medicare Advantage,Laboratory,2026-06-21,10,0-30,1,162.92,0.6244,0.9083,0.1259,0.4958,101.73,80.77,26.92
1541,CLM-015717,Aetna,Commercial,Primary Care,2026-06-29,2,0-30,1,699.65,0.7107,0.8917,0.1021,0.569,497.23,398.13,26.54
1542,CLM-028247,Medicare,Medicare,Laboratory,2026-06-23,8,0-30,1,205.48,0.571,0.9097,0.0722,0.4819,117.33,99.02,26.41
1543,CLM-021169,Medicare,Medicare,Primary Care,2026-06-27,4,0-30,1,422.43,0.5401,0.911,0.0628,0.4612,228.17,194.81,25.98
1544,CLM-011209,Medicare,Medicare,Imaging,2026-06-30,1,0-30,1,1680.28,0.5519,0.9095,0.088,0.4578,927.4,769.28,25.64
1545,CLM-016014,Blue Cross Blue Shield,Commercial,Laboratory,2026-06-24,7,0-30,1,177.41,0.7724,0.8932,0.1188,0.6079,137.03,107.86,25.17
1546,CLM-025294,State Workers' Compensation,Workers' Comp,Laboratory,2026-06-29,2,0-30,1,483.17,0.9051,0.9716,0.1226,0.7715,437.3,372.79,24.85
1547,CLM-024705,Molina Healthcare,Medicaid Managed Care,Laboratory,2026-06-23,8,0-30,1,209.95,0.5329,0.9578,0.1514,0.4331,111.88,90.93,24.25
1548,CLM-014102,Medicaid,Medicaid,Laboratory,2026-06-25,6,0-30,1,279.99,0.5115,0.9624,0.1253,0.4306,143.23,120.58,24.12
1549,CLM-013294,Medicare,Medicare,Laboratory,2026-06-24,7,0-30,1,214.4,0.571,0.9097,0.0722,0.4819,122.42,103.32,24.11
1550,CLM-012970,Medicare,Medicare,Laboratory,2026-06-27,4,0-30,1,367.38,0.571,0.9097,0.0722,0.4819,209.77,177.04,23.61
1551,CLM-011235,Humana Medicare Advantage,Medicare Advantage,Laboratory,2026-06-20,11,0-30,1,129.06,0.6244,0.9083,0.1259,0.4958,80.59,63.98,23.46
1552,CLM-026206,Self-Pay,Self-Pay,Laboratory,2026-06-20,11,0-30,1,328.19,0.9896,0.2035,0.0584,0.1896,324.78,62.24,22.82
1553,CLM-028513,Self-Pay,Self-Pay,Primary Care,2026-06-25,6,0-30,1,575.61,0.9877,0.2035,0.0199,0.197,568.51,113.41,22.68
1554,CLM-019234,Humana Medicare Advantage,Medicare Advantage,Emergency Department,2026-06-30,1,0-30,1,1546.29,0.5773,0.906,0.1694,0.4344,892.64,671.73,22.39
1555,CLM-025131,Medicare,Medicare,Laboratory,2026-06-26,5,0-30,1,277.03,0.571,0.9097,0.0722,0.4819,158.18,133.5,22.25
1556,CLM-013292,Medicare,Medicare,Laboratory,2026-06-22,9,0-30,1,153.02,0.571,0.9097,0.0722,0.4819,87.37,73.74,22.12
1557,CLM-001308,UnitedHealthcare,Commercial,Laboratory,2026-06-21,10,0-30,1,114.65,0.7392,0.8893,0.1223,0.577,84.75,66.15,22.05
1558,CLM-028293,Blue Cross Blue Shield,Commercial,Laboratory,2026-06-27,4,0-30,1,270.26,0.7724,0.8932,0.1188,0.6079,208.74,164.3,21.91
1559,CLM-022565,UnitedHealthcare,Commercial,Primary Care,2026-06-29,2,0-30,1,581.08,0.7003,0.8908,0.1119,0.554,406.95,321.92,21.46
1560,CLM-016907,Humana Medicare Advantage,Medicare Advantage,Primary Care,2026-06-27,4,0-30,1,324.75,0.5927,0.9071,0.0994,0.4842,192.47,157.24,20.97
1561,CLM-006471,Medicare,Medicare,Laboratory,2026-06-25,6,0-30,1,215.85,0.571,0.9097,0.0722,0.4819,123.25,104.02,20.8
1562,CLM-023651,Humana Medicare Advantage,Medicare Advantage,Laboratory,2026-06-24,7,0-30,1,178.76,0.6244,0.9083,0.1259,0.4958,111.62,88.62,20.68
1563,CLM-025546,Self-Pay,Self-Pay,Emergency Department,2026-06-28,3,0-30,1,1061.67,0.9887,0.2027,0.0379,0.1929,1049.71,204.76,20.48
1564,CLM-014334,Medicare,Medicare,Laboratory,2026-06-27,4,0-30,1,314.79,0.571,0.9097,0.0722,0.4819,179.74,151.7,20.23
1565,CLM-012633,Medicare,Medicare,Laboratory,2026-06-14,17,0-30,1,70.51,0.571,0.9097,0.0722,0.4819,40.26,33.98,19.26
1566,CLM-014277,Medicaid,Medicaid,Primary Care,2026-06-25,6,0-30,1,219.18,0.4852,0.963,0.1179,0.4122,106.35,90.34,18.07
1567,CLM-029563,Molina Healthcare,Medicaid Managed Care,Laboratory,2026-06-28,3,0-30,1,409.26,0.5329,0.9578,0.1514,0.4331,218.09,177.26,17.73
1568,CLM-004571,Medicare,Medicare,Imaging,2026-06-30,1,0-30,1,1146.53,0.5519,0.9095,0.088,0.4578,632.81,524.92,17.5
1569,CLM-006156,Medicaid,Medicaid,Laboratory,2026-06-20,11,0-30,1,110.64,0.5115,0.9624,0.1253,0.4306,56.6,47.65,17.47
1570,CLM-021247,Humana Medicare Advantage,Medicare Advantage,Behavioral Health,2026-06-27,4,0-30,1,318.13,0.4768,0.9029,0.1057,0.385,151.69,122.48,16.33
1571,CLM-022338,TRICARE,Military,Primary Care,2026-06-27,4,0-30,1,226.14,0.6186,0.9637,0.094,0.5402,139.9,122.15,16.29
1572,CLM-010191,Medicaid,Medicaid,Laboratory,2026-06-27,4,0-30,1,271.05,0.5115,0.9624,0.1253,0.4306,138.65,116.73,15.56
1573,CLM-023720,Medicaid,Medicaid,Imaging,2026-06-26,5,0-30,1,227.27,0.4932,0.9622,0.1437,0.4063,112.08,92.35,15.39
1574,CLM-003929,Cigna,Commercial,Primary Care,2026-06-29,2,0-30,1,412.05,0.6888,0.8904,0.1006,0.5516,283.83,227.3,15.15
1575,CLM-018066,Medicare,Medicare,Laboratory,2026-06-26,5,0-30,1,188.25,0.571,0.9097,0.0722,0.4819,107.49,90.72,15.12
1576,CLM-017528,Molina Healthcare,Medicaid Managed Care,Laboratory,2026-06-26,5,0-30,1,207.46,0.5329,0.9578,0.1514,0.4331,110.55,89.86,14.98
1577,CLM-008999,Self-Pay,Self-Pay,Imaging,2026-06-28,3,0-30,1,790.43,0.9897,0.1954,0.0267,0.1882,782.32,148.79,14.88
1578,CLM-020542,Medicare,Medicare,Laboratory,2026-06-27,4,0-30,1,225.9,0.571,0.9097,0.0722,0.4819,128.99,108.86,14.52
1579,CLM-024050,Aetna,Commercial,Primary Care,2026-06-30,1,0-30,1,742.61,0.7107,0.8917,0.1021,0.569,527.76,422.57,14.09
1580,CLM-006297,Molina Healthcare,Medicaid Managed Care,Primary Care,2026-06-29,2,0-30,1,497.61,0.5063,0.9594,0.1424,0.4165,251.93,207.27,13.82
1581,CLM-006895,Medicare,Medicare,Primary Care,2026-06-27,4,0-30,1,219.17,0.5401,0.911,0.0628,0.4612,118.38,101.08,13.48
1582,CLM-022113,UnitedHealthcare,Commercial,Primary Care,2026-06-27,4,0-30,1,181.33,0.7003,0.8908,0.1119,0.554,126.99,100.46,13.39
1583,CLM-006037,Aetna,Commercial,Primary Care,2026-06-29,2,0-30,1,345.18,0.7107,0.8917,0.1021,0.569,245.31,196.42,13.09
1584,CLM-015997,Medicaid,Medicaid,Laboratory,2026-06-27,4,0-30,1,224.26,0.5115,0.9624,0.1253,0.4306,114.72,96.58,12.88
1585,CLM-029608,Humana Medicare Advantage,Medicare Advantage,Primary Care,2026-06-29,2,0-30,1,396.71,0.5927,0.9071,0.0994,0.4842,235.12,192.08,12.81
1586,CLM-012269,Medicaid,Medicaid,Imaging,2026-06-27,4,0-30,1,233.68,0.4932,0.9622,0.1437,0.4063,115.24,94.95,12.66
1587,CLM-016702,UnitedHealthcare,Commercial,Primary Care,2026-06-30,1,0-30,1,665.04,0.7003,0.8908,0.1119,0.554,465.74,368.44,12.28
1588,CLM-011163,Blue Cross Blue Shield,Commercial,Laboratory,2026-06-28,3,0-30,1,181.92,0.7724,0.8932,0.1188,0.6079,140.51,110.6,11.06
1589,CLM-012522,Self-Pay,Self-Pay,Laboratory,2026-06-22,9,0-30,1,192.06,0.9896,0.2035,0.0584,0.1896,190.07,36.42,10.93
1590,CLM-008121,Medicare,Medicare,Primary Care,2026-06-29,2,0-30,1,329.4,0.5401,0.911,0.0628,0.4612,177.92,151.91,10.13
1591,CLM-002851,Medicare,Medicare,Primary Care,2026-06-29,2,0-30,1,302.09,0.5401,0.911,0.0628,0.4612,163.17,139.32,9.29
1592,CLM-017108,Humana Medicare Advantage,Medicare Advantage,Laboratory,2026-06-28,3,0-30,1,184.22,0.6244,0.9083,0.1259,0.4958,115.03,91.33,9.13
1593,CLM-005260,Molina Healthcare,Medicaid Managed Care,Laboratory,2026-06-28,3,0-30,1,209.37,0.5329,0.9578,0.1514,0.4331,111.57,90.68,9.07
1594,CLM-012912,Blue Cross Blue Shield,Commercial,Laboratory,2026-06-29,2,0-30,1,222.68,0.7724,0.8932,0.1188,0.6079,171.99,135.38,9.03
1595,CLM-021897,Medicaid,Medicaid,Laboratory,2026-06-27,4,0-30,1,145.64,0.5115,0.9624,0.1253,0.4306,74.5,62.72,8.36
1596,CLM-006891,Aetna,Commercial,Laboratory,2026-06-29,2,0-30,1,200.61,0.7492,0.8943,0.0813,0.6155,150.3,123.48,8.23
1597,CLM-012842,UnitedHealthcare,Commercial,OB/GYN,2026-06-30,1,0-30,1,482.53,0.652,0.8905,0.1422,0.4981,314.62,240.33,8.01
1598,CLM-017773,Medicare,Medicare,Emergency Department,2026-06-30,1,0-30,1,521.28,0.5275,0.9108,0.0683,0.4477,274.99,233.36,7.78
1599,CLM-001471,Medicare,Medicare,Laboratory,2026-06-28,3,0-30,1,149.82,0.571,0.9097,0.0722,0.4819,85.55,72.2,7.22
1600,CLM-003800,Medicaid,Medicaid,Laboratory,2026-06-29,2,0-30,1,240.75,0.5115,0.9624,0.1253,0.4306,123.15,103.68,6.91
1601,CLM-011108,Blue Cross Blue Shield,Commercial,Laboratory,2026-06-30,1,0-30,1,324.94,0.7724,0.8932,0.1188,0.6079,250.98,197.55,6.58
1602,CLM-020158,Humana Medicare Advantage,Medicare Advantage,Primary Care,2026-06-30,1,0-30,1,404.36,0.5927,0.9071,0.0994,0.4842,239.65,195.78,6.53
1603,CLM-028825,Humana Medicare Advantage,Medicare Advantage,Primary Care,2026-06-30,1,0-30,1,385.23,0.5927,0.9071,0.0994,0.4842,228.31,186.52,6.22
1604,CLM-023207,Medicaid,Medicaid,Primary Care,2026-06-30,1,0-30,1,424.79,0.4852,0.963,0.1179,0.4122,206.11,175.09,5.84
1605,CLM-003096,Aetna,Commercial,Laboratory,2026-06-30,1,0-30,1,281.92,0.7492,0.8943,0.0813,0.6155,211.22,173.53,5.78
1606,CLM-022451,Blue Cross Blue Shield,Commercial,Laboratory,2026-06-30,1,0-30,1,280.93,0.7724,0.8932,0.1188,0.6079,216.98,170.79,5.69
1607,CLM-027797,Self-Pay,Self-Pay,Primary Care,2026-06-29,2,0-30,1,382.12,0.9877,0.2035,0.0199,0.197,377.41,75.29,5.02
1608,CLM-004812,Self-Pay,Self-Pay,Laboratory,2026-06-30,1,0-30,1,784.8,0.9896,0.2035,0.0584,0.1896,776.65,148.84,4.96
1609,CLM-025370,Medicare,Medicare,Laboratory,2026-06-29,2,0-30,1,150.45,0.571,0.9097,0.0722,0.4819,85.91,72.5,4.83
1610,CLM-026558,Blue Cross Blue Shield,Commercial,Primary Care,2026-06-30,1,0-30,1,239.04,0.7321,0.8927,0.1047,0.5852,175.0,139.88,4.66
1611,CLM-026518,Aetna,Commercial,Laboratory,2026-06-30,1,0-30,1,192.01,0.7492,0.8943,0.0813,0.6155,143.86,118.19,3.94
1612,CLM-029355,Medicaid,Medicaid,Primary Care,2026-06-30,1,0-30,1,282.11,0.4852,0.963,0.1179,0.4122,136.88,116.28,3.88
1613,CLM-022638,Humana Medicare Advantage,Medicare Advantage,Laboratory,2026-06-30,1,0-30,1,213.75,0.6244,0.9083,0.1259,0.4958,133.47,105.97,3.53
1614,CLM-027938,Blue Cross Blue Shield,Commercial,Laboratory,2026-06-30,1,0-30,1,164.03,0.7724,0.8932,0.1188,0.6079,126.69,99.72,3.32
1615,CLM-022247,Medicare,Medicare,Primary Care,2026-06-29,2,0-30,1,105.8,0.5401,0.911,0.0628,0.4612,57.15,48.79,3.25
1616,CLM-015764,Medicare,Medicare,Laboratory,2026-06-30,1,0-30,1,192.73,0.571,0.9097,0.0722,0.4819,110.05,92.88,3.1
1617,CLM-010788,Medicare,Medicare,Laboratory,2026-06-30,1,0-30,1,181.31,0.571,0.9097,0.0722,0.4819,103.53,87.38,2.91
1618,CLM-017735,Self-Pay,Self-Pay,Laboratory,2026-06-27,4,0-30,1,114.64,0.9896,0.2035,0.0584,0.1896,113.45,21.74,2.9
1619,CLM-010204,Humana Medicare Advantage,Medicare Advantage,Laboratory,2026-06-30,1,0-30,1,150.62,0.6244,0.9083,0.1259,0.4958,94.05,74.67,2.49
